ID1,ID2,EdgeType,Score,Annotation
5,20,MS1 annotation,3,[M+Cl]- [2M+FA]- dm/z=155.9600
5,15,MS1 annotation,2,[M-H]- [M-H2O+FA]- dm/z=27.9950
7,12,MS1 annotation,2,[M-H]- [M+FA]- dm/z=46.0059
10,13,MS1 annotation,2,[M-H]- [M-H2O+FA]- dm/z=27.9951
11,20,MS1 annotation,3,[M+Cl]- [M+FA]- dm/z=10.0288
32,35,MS1 annotation,2,[M-H]- [M+FA]- dm/z=46.0059
48,80,MS1 annotation,2,[2M+FA]- [M+Cl]- dm/z=269.9459
53,62,MS1 annotation,2,[2M-2H2O-H]- [M+Cl]- dm/z=197.9457
68,473,MS1 annotation,2,[2M-2H2O-H]- [M+Cl]- dm/z=235.9107
81,334,MS1 annotation,2,[2M-2H2O-H]- [M+Cl]- dm/z=455.8472
93,367,MS1 annotation,2,[2M-2H2O-H]- [M+Cl]- dm/z=271.9512
98,169,MS1 annotation,2,[M+Cl]- [M-2H2O-2H+Na]- dm/z=50.0152
106,475,MS1 annotation,2,[2M-2H2O-H]- [M+Cl]- dm/z=387.8595
112,174,MS1 annotation,2,[2M-2H2O-H]- [M+Cl]- dm/z=349.8955
165,401,MS1 annotation,2,[2M-2H2O-H]- [M+Cl]- dm/z=287.9248
168,1105,MS1 annotation,2,[M+Cl]- [2M-2H2O-H]- dm/z=67.9878
244,490,MS1 annotation,2,[M-2H2O-2H+Na]- [M+Cl]- dm/z=50.0159
342,757,MS1 annotation,2,[2M-H2O-2H+Na]- [M+Cl]- dm/z=568.7545
347,488,MS1 annotation,2,[2M-2H2O-H]- [M+Cl]- dm/z=355.9117
415,584,MS1 annotation,2,[M-2H2O-2H+Na]- [M+Cl]- dm/z=50.0155
429,517,MS1 annotation,2,[M+Cl]- [M-2H2O-2H+Na]- dm/z=50.0157
439,806,MS1 annotation,2,[M-2H2O-2H+Na]- [M+Cl]- dm/z=50.0149
477,1205,MS1 annotation,2,[M+Cl]- [2M-2H2O-H]- dm/z=423.8991
555,880,MS1 annotation,2,[M-2H2O-2H+Na]- [M+Cl]- dm/z=50.0101
580,947,MS1 annotation,2,[M-2H2O-2H+Na]- [M+Cl]- dm/z=50.0152
617,1077,MS1 annotation,2,[M+Cl]- [M-2H2O-2H+Na]- dm/z=50.0152
633,926,MS1 annotation,2,[M-2H2O-2H+Na]- [M+Cl]- dm/z=50.0153
707,978,MS1 annotation,2,[M-2H2O-2H+Na]- [M+Cl]- dm/z=50.0157
816,963,MS1 annotation,2,[M+Cl]- [M-2H2O-2H+Na]- dm/z=50.0157
864,1034,MS1 annotation,2,[M-2H2O+FA]- [M-H]- dm/z=9.9861
879,1118,MS1 annotation,2,[M-H2O-H]- [2M+Cl]- dm/z=643.8378
882,883,MS1 annotation,2,[M+Cl]- [M-2H2O-2H+Na]- dm/z=50.0118
922,1052,MS1 annotation,2,[M+Cl]- [M-2H2O-2H+Na]- dm/z=50.0160
974,1114,MS1 annotation,2,[M-2H2O-2H+Na]- [M+Cl]- dm/z=50.0162
1043,1118,MS1 annotation,2,[M-2H2O-2H+Na]- [M+Cl]- dm/z=50.0158
1062,1065,MS1 annotation,2,[M+Cl]- [M-2H2O-2H+Na]- dm/z=50.0087
1225,1302,MS1 annotation,2,[M+FA]- [M-H]- dm/z=46.0058
1260,1627,MS1 annotation,2,[M+FA]- [M-H]- dm/z=46.0059
1288,1391,MS1 annotation,2,[M-2H2O-2H+Na]- [M+Cl]- dm/z=50.0157
1337,1392,MS1 annotation,2,[M+Cl]- [M-2H2O-2H+Na]- dm/z=50.0169
1372,1481,MS1 annotation,2,[M+Cl]- [M-2H2O-2H+Na]- dm/z=50.0167
1401,1454,MS1 annotation,2,[M-H]- [M-H2O+FA]- dm/z=27.9948
1403,1432,MS1 annotation,2,[M-2H2O-2H+Na]- [M+Cl]- dm/z=50.0161
1596,1642,MS1 annotation,2,[2M-H]- [M+Cl]- dm/z=354.0086
1633,1696,MS1 annotation,2,[M+Cl]- [2M-2H+Na]- dm/z=354.0089
1733,1787,MS1 annotation,2,[M-H2O+FA]- [M+Cl]- dm/z=7.9818
1737,1837,MS1 annotation,2,[M+Cl]- [M+FA]- dm/z=10.0289
1771,1906,MS1 annotation,2,[M+Cl]- [M+FA]- dm/z=10.0288
1840,1986,MS1 annotation,2,[M+FA]- [M+Cl]- dm/z=10.0286
1840,1843,MS1 annotation,2,[M+Cl]- [M-2H2O-H]- dm/z=71.9993
1855,1983,MS1 annotation,2,[M+Cl]- [M+FA]- dm/z=10.0285
1864,1922,MS1 annotation,2,[M+Cl]- [M-H]- dm/z=35.9775
1870,1905,MS1 annotation,2,[M+Cl]- [M+FA]- dm/z=10.0288
1879,1931,MS1 annotation,2,[M+FA]- [M+Cl]- dm/z=10.0289
1882,1959,MS1 annotation,2,[M-H2O+FA]- [M-H]- dm/z=27.9954
1895,1934,MS1 annotation,3,[M+FA]- [M+Cl]- dm/z=10.0287
1928,1934,MS1 annotation,3,[M+FA]- [M-H]- dm/z=46.0057
1936,2015,MS1 annotation,3,[M-H]- [M+Cl]- dm/z=35.9767
1936,2046,MS1 annotation,3,[M+FA]- [M+Cl]- dm/z=10.0287
1951,1963,MS1 annotation,2,[M+Cl]- [M+FA]- dm/z=10.0287
1960,2014,MS1 annotation,2,[M-H]- [M+FA]- dm/z=46.0055
1974,2025,MS1 annotation,3,[M+FA]- [M+Cl]- dm/z=10.0287
1978,2070,MS1 annotation,2,[2M-2H2O-H]- [M+Cl]- dm/z=73.9446
1978,2148,MS1 annotation,2,[M-H]- [M-H2O+FA]- dm/z=27.9951
2015,2046,MS1 annotation,3,[M+FA]- [M-H]- dm/z=46.0054
2025,2058,MS1 annotation,3,[2M+Cl]- [M+FA]- dm/z=225.9622
2045,2092,MS1 annotation,2,[M+Cl]- [M+FA]- dm/z=10.0289
2058,2068,MS1 annotation,2,[M-H]- [M+Cl]- dm/z=35.9776
2180,2182,MS1 annotation,2,[M+Cl]- [2M-2H2O-2H+Na]- dm/z=189.9866
2571,2572,MS1 annotation,2,[M+Cl]- [2M-2H2O-H]- dm/z=168.0032
2596,2613,MS1 annotation,2,[M+Cl]- [M+FA]- dm/z=10.0287
2643,2695,MS1 annotation,2,[M-H]- [M-H2O+FA]- dm/z=27.9951
2674,2724,MS1 annotation,2,[M+Cl]- [2M+FA]- dm/z=161.9873
2846,3014,MS1 annotation,2,[M-H2O+FA]- [M-H]- dm/z=27.9953
3298,3299,MS1 annotation,2,[M+Cl]- [M-2H+Na]- dm/z=13.9953
3663,3749,MS1 annotation,2,[M+FA]- [M-H]- dm/z=46.0056
4152,4168,MS1 annotation,2,[M-H2O+FA]- [M-H]- dm/z=27.9951
4586,4601,MS1 annotation,2,[M+FA]- [M-H]- dm/z=46.0057
4944,5031,MS1 annotation,2,[M-H]- [2M-2H2O+FA]- dm/z=734.2848
5010,5013,MS1 annotation,2,[M-H]- [M+FA]- dm/z=46.0057
5026,5064,MS1 annotation,2,[M+FA]- [M-H]- dm/z=46.0057
5094,5188,MS1 annotation,2,[M+FA]- [M-H]- dm/z=46.0060
5106,5129,MS1 annotation,2,[M-H2O+FA]- [M-H]- dm/z=27.9950
5129,5131,MS1 annotation,2,[M-H]- [M+FA]- dm/z=46.0057
5299,5367,MS1 annotation,2,[M-H]- [M+FA]- dm/z=46.0048
5314,5361,MS1 annotation,2,[M+FA]- [M-H]- dm/z=46.0059
5345,5365,MS1 annotation,2,[M+FA]- [M+Cl]- dm/z=10.0285
5431,5450,MS1 annotation,2,[M+FA]- [M-H]- dm/z=46.0056
5625,5637,MS1 annotation,2,[M+FA]- [M-H]- dm/z=46.0058
5699,5741,MS1 annotation,2,[M-H]- [M+FA]- dm/z=46.0057
5719,5720,MS1 annotation,2,[M+Cl]- [M-H2O-2H+Na]- dm/z=32.0053
5801,6080,MS1 annotation,2,[M-H]- [M+FA]- dm/z=46.0052
5858,5868,MS1 annotation,2,[M+FA]- [M-H]- dm/z=46.0056
5912,5938,MS1 annotation,2,[M+Cl]- [2M-H2O+FA]- dm/z=300.1141
5928,6029,MS1 annotation,2,[2M+FA]- [M-H]- dm/z=276.0855
5988,6054,MS1 annotation,2,[M-H]- [M-H2O+FA]- dm/z=27.9952
6061,6094,MS1 annotation,2,[M-H]- [M+FA]- dm/z=46.0057
6178,6258,MS1 annotation,2,[M+FA]- [M-H]- dm/z=46.0056
6309,6326,MS1 annotation,2,[M+FA]- [M-H]- dm/z=46.0056
6331,6425,MS1 annotation,2,[M-H2O-2H+Na]- [M+Cl]- dm/z=32.0053
6548,6561,MS1 annotation,2,[M-H2O-2H+Na]- [2M+Cl]- dm/z=284.0903
6617,6762,MS1 annotation,2,[M-H2O+FA]- [M-H]- dm/z=27.9952
6628,6651,MS1 annotation,2,[M+FA]- [M-H]- dm/z=46.0056
6695,6780,MS1 annotation,2,[M-H]- [M-2H2O+FA]- dm/z=9.9845
6710,6729,MS1 annotation,2,[M+Cl]- [M-2H+Na]- dm/z=13.9957
6737,6758,MS1 annotation,2,[M-H]- [M+FA]- dm/z=46.0055
6749,6822,MS1 annotation,2,[M-H]- [M-2H2O+FA]- dm/z=9.9843
6775,6829,MS1 annotation,2,[M-H]- [M+FA]- dm/z=46.0054
6816,7052,MS1 annotation,2,[2M-2H2O+FA]- [M-H]- dm/z=242.0798
6995,7012,MS1 annotation,2,[M-H]- [M+FA]- dm/z=46.0057
7163,7294,MS1 annotation,2,[M-H2O+FA]- [M-H]- dm/z=27.9951
7182,7187,MS1 annotation,2,[M+FA]- [M-H]- dm/z=46.0058
7231,7238,MS1 annotation,2,[M+FA]- [M-H]- dm/z=46.0052
7246,7269,MS1 annotation,2,[M-H]- [M+FA]- dm/z=46.0053
7334,7352,MS1 annotation,2,[M+FA]- [M-H]- dm/z=46.0056
7439,7456,MS1 annotation,2,[M+FA]- [M-H]- dm/z=46.0066
7455,7612,MS1 annotation,2,[M-H2O+FA]- [M-H]- dm/z=27.9952
7538,7567,MS1 annotation,2,[2M-H]- [M-2H2O+FA]- dm/z=204.0638
7542,7559,MS1 annotation,2,[M+FA]- [M-H]- dm/z=46.0056
7564,7729,MS1 annotation,2,[M-2H2O+FA]- [2M-H]- dm/z=192.0640
7678,7713,MS1 annotation,2,[M-H]- [M-H2O+FA]- dm/z=27.9949
7689,7690,MS1 annotation,2,[M-H2O+FA]- [M-H]- dm/z=27.9950
7726,38254,MS1 annotation,2,[2M+FA]- [M-2H2O+Cl]- dm/z=204.1889
7913,7919,MS1 annotation,2,[M+FA]- [M-H]- dm/z=46.0063
7993,8009,MS1 annotation,3,[M+Cl]- [M-H]- dm/z=35.9767
7993,7994,MS1 annotation,3,[M+FA]- [M-H]- dm/z=46.0055
7994,8009,MS1 annotation,3,[M+Cl]- [M+FA]- dm/z=10.0288
7999,8026,MS1 annotation,3,[M+Cl]- [M+FA]- dm/z=10.0289
7999,8003,MS1 annotation,3,[M-H]- [M+FA]- dm/z=46.0055
8003,8026,MS1 annotation,3,[M+Cl]- [M-H]- dm/z=35.9766
8004,8027,MS1 annotation,3,[M+Cl]- [M-H]- dm/z=35.9767
8004,8007,MS1 annotation,3,[M+FA]- [M-H]- dm/z=46.0055
8007,8027,MS1 annotation,3,[M+Cl]- [M+FA]- dm/z=10.0288
8061,8117,MS1 annotation,2,[M+FA]- [M-2H2O-H]- dm/z=82.0257
8125,8250,MS1 annotation,2,[M-H]- [M-H2O+FA]- dm/z=27.9950
8205,8209,MS1 annotation,3,[M+FA]- [M-H2O-H]- dm/z=64.0160
8206,8209,MS1 annotation,3,[M+FA]- [M-H]- dm/z=46.0053
8281,8339,MS1 annotation,2,[M-H]- [M+FA]- dm/z=46.0057
8285,8494,MS1 annotation,2,[M-2H2O-H]- [M+FA]- dm/z=82.0267
8376,8397,MS1 annotation,4,[M-H]- [M-H2O+FA]- dm/z=27.9949
8376,8388,MS1 annotation,4,[M+Cl]- [M-H2O+FA]- dm/z=7.9815
8385,8397,MS1 annotation,4,[M-H]- [M+FA]- dm/z=46.0056
8388,8397,MS1 annotation,4,[M-H]- [M+Cl]- dm/z=35.9764
8389,8396,MS1 annotation,2,[M-H]- [M-H2O+FA]- dm/z=27.9951
8469,8604,MS1 annotation,2,[M+FA]- [M-H]- dm/z=46.0052
8636,8637,MS1 annotation,2,[M+FA]- [M-H]- dm/z=46.0060
8864,8978,MS1 annotation,2,[2M-H2O+FA]- [M-H]- dm/z=296.0539
8977,8996,MS1 annotation,2,[M-H2O-H]- [2M+FA]- dm/z=298.1271
9003,9054,MS1 annotation,2,[M-H2O+FA]- [M-H]- dm/z=27.9950
9037,9055,MS1 annotation,2,[M-H2O-H]- [2M+Cl]- dm/z=334.1058
9093,9097,MS1 annotation,2,[M-H]- [2M+FA]- dm/z=220.0959
9235,9242,MS1 annotation,2,[M-H]- [M+FA]- dm/z=46.0052
9284,9367,MS1 annotation,2,[M-H]- [M+FA]- dm/z=46.0054
9422,9467,MS1 annotation,3,[M+Cl]- [M-H]- dm/z=35.9763
9422,9423,MS1 annotation,3,[M+FA]- [M-H]- dm/z=46.0056
9423,9467,MS1 annotation,3,[M+Cl]- [M+FA]- dm/z=10.0292
9463,9464,MS1 annotation,2,[M-H]- [M+FA]- dm/z=46.0058
9477,9478,MS1 annotation,2,[M-H2O+FA]- [M-H]- dm/z=27.9950
9518,9687,MS1 annotation,2,[2M-H]- [M+FA]- dm/z=180.0420
9523,9566,MS1 annotation,2,[M-H]- [M+FA]- dm/z=46.0059
9645,9649,MS1 annotation,2,[M-H]- [M+FA]- dm/z=46.0058
9645,9647,MS1 annotation,2,[M-H]- [M-H2O+FA]- dm/z=27.9951
9650,10018,MS1 annotation,2,[M-2H2O+FA]- [M-H]- dm/z=9.9844
9659,9731,MS1 annotation,2,[M-H]- [M+FA]- dm/z=46.0056
9890,9923,MS1 annotation,2,[M-H]- [M+FA]- dm/z=46.0055
9935,9966,MS1 annotation,2,[M-H]- [M-2H2O+FA]- dm/z=9.9854
9973,10061,MS1 annotation,2,[M+Cl]- [M-2H2O-2H+Na]- dm/z=50.0156
10034,10036,MS1 annotation,2,[M+FA]- [M-H]- dm/z=46.0057
10204,10300,MS1 annotation,2,[M-H]- [M-H2O+FA]- dm/z=27.9953
10273,10634,MS1 annotation,2,[M-H]- [M-H2O+FA]- dm/z=27.9949
10274,10327,MS1 annotation,2,[M-2H2O-H]- [M+FA]- dm/z=82.0269
10439,10671,MS1 annotation,2,[M-H]- [2M+FA]- dm/z=326.0650
10460,10559,MS1 annotation,2,[M+FA]- [M-H]- dm/z=46.0057
10467,10621,MS1 annotation,2,[M+FA]- [M-H2O-H]- dm/z=64.0161
10487,10498,MS1 annotation,2,[2M-2H2O-2H+Na]- [M+Cl]- dm/z=190.0689
10667,10673,MS1 annotation,2,[M+FA]- [M-H]- dm/z=46.0054
10668,10673,MS1 annotation,2,[2M+FA]- [M-H]- dm/z=242.0800
10690,10708,MS1 annotation,2,[M+FA]- [2M-H]- dm/z=164.0478
10710,10903,MS1 annotation,2,[M+FA]- [M-H]- dm/z=46.0055
10737,10761,MS1 annotation,2,[M-H2O+FA]- [M-H]- dm/z=27.9952
10819,10820,MS1 annotation,2,[M+Cl]- [M-H]- dm/z=35.9767
10863,11124,MS1 annotation,2,[M-H2O-2H+Na]- [M+Cl]- dm/z=32.0052
10867,10887,MS1 annotation,2,[2M-H2O+FA]- [M-H]- dm/z=196.0748
11041,11124,MS1 annotation,2,[M+FA]- [M-H]- dm/z=46.0058
11057,11531,MS1 annotation,2,[2M-H]- [M+FA]- dm/z=198.0896
11126,11184,MS1 annotation,2,[2M-H]- [M+FA]- dm/z=202.0657
11380,11400,MS1 annotation,2,[M-H]- [M-H2O+FA]- dm/z=27.9952
11414,11504,MS1 annotation,2,[M+Cl]- [M-2H2O-2H+Na]- dm/z=50.0157
11477,11478,MS1 annotation,2,[M+FA]- [M-H]- dm/z=46.0056
11609,11925,MS1 annotation,2,[M-H]- [M-H2O+FA]- dm/z=27.9949
11674,11705,MS1 annotation,2,[M+Cl]- [M-H]- dm/z=35.9765
11710,11716,MS1 annotation,2,[M+FA]- [M-H]- dm/z=46.0055
11847,11888,MS1 annotation,2,[M+Cl]- [2M-2H2O-2H+Na]- dm/z=190.0691
11880,11913,MS1 annotation,2,[M-H]- [M+FA]- dm/z=46.0056
11923,11964,MS1 annotation,2,[M-H]- [M+FA]- dm/z=46.0056
11927,11975,MS1 annotation,2,[M-H2O-H]- [M+FA]- dm/z=64.0162
11994,38726,MS1 annotation,2,[2M+FA]- [M-H2O+Cl]- dm/z=186.1786
12044,12073,MS1 annotation,2,[M-H2O+FA]- [M-H]- dm/z=27.9951
12071,12100,MS1 annotation,2,[M-H]- [M-H2O+FA]- dm/z=27.9951
12254,12291,MS1 annotation,2,[M-H]- [M+FA]- dm/z=46.0055
12307,12345,MS1 annotation,2,[M+FA]- [M-H2O-H]- dm/z=64.0167
12392,12394,MS1 annotation,2,[M-H]- [M-H2O+FA]- dm/z=27.9952
12492,12557,MS1 annotation,2,[M+FA]- [M-H]- dm/z=46.0059
12525,12542,MS1 annotation,2,[M-H]- [M-2H2O+FA]- dm/z=9.9843
12540,12568,MS1 annotation,2,[M+Cl]- [M+FA]- dm/z=10.0289
12600,12612,MS1 annotation,2,[M-2H2O+FA]- [M-H]- dm/z=9.9844
12696,12784,MS1 annotation,2,[M-H2O-H]- [2M+FA]- dm/z=360.1067
12838,12902,MS1 annotation,2,[M-H]- [M-2H2O+FA]- dm/z=9.9842
12907,12909,MS1 annotation,2,[M+FA]- [M-H]- dm/z=46.0057
13152,13159,MS1 annotation,2,[M-H]- [M+FA]- dm/z=46.0059
13244,13284,MS1 annotation,2,[M+Cl]- [M-H2O-2H+Na]- dm/z=32.0049
13273,13586,MS1 annotation,2,[M+FA]- [M-H]- dm/z=46.0055
13359,13377,MS1 annotation,2,[M-H]- [M-H2O+FA]- dm/z=27.9950
13412,13577,MS1 annotation,2,[M-H]- [M+FA]- dm/z=46.0057
13455,32288,MS1 annotation,2,[2M-2H2O+Cl]- [M+FA]- dm/z=95.0630
13626,13665,MS1 annotation,2,[M+FA]- [M-H2O-H]- dm/z=64.0157
13628,13754,MS1 annotation,2,[M-2H2O+FA]- [M-H]- dm/z=9.9841
13668,13669,MS1 annotation,2,[M-H2O+FA]- [M-H]- dm/z=27.9947
13930,13963,MS1 annotation,2,[M-H]- [M-H2O+FA]- dm/z=27.9952
13982,13991,MS1 annotation,2,[M-H2O+FA]- [M-H]- dm/z=27.9951
14009,14139,MS1 annotation,2,[M-H]- [M+FA]- dm/z=46.0056
14132,14152,MS1 annotation,2,[M-H]- [M-H2O+FA]- dm/z=27.9951
14233,14419,MS1 annotation,2,[M-H]- [M+FA]- dm/z=46.0055
14315,14340,MS1 annotation,2,[M-2H+Na]- [M+Cl]- dm/z=13.9956
14337,14530,MS1 annotation,2,[M-H]- [M-H2O+FA]- dm/z=27.9952
14407,14716,MS1 annotation,3,[M+Cl]- [M+FA]- dm/z=10.0293
14407,14732,MS1 annotation,3,[M-H]- [M+FA]- dm/z=46.0060
14590,14635,MS1 annotation,2,[M-H]- [M+FA]- dm/z=46.0052
14733,14851,MS1 annotation,2,[2M-H]- [M-H2O+FA]- dm/z=242.1161
14948,15242,MS1 annotation,3,[M+FA]- [M-H]- dm/z=46.0047
14952,14958,MS1 annotation,2,[M+FA]- [M-H]- dm/z=46.0056
15018,15051,MS1 annotation,2,[M-H2O+FA]- [M-H]- dm/z=27.9950
15042,15054,MS1 annotation,2,[2M-H2O-H]- [M+FA]- dm/z=102.0108
15047,15087,MS1 annotation,2,[M-H]- [M-H2O+FA]- dm/z=27.9951
15078,15089,MS1 annotation,2,[M-2H2O+FA]- [M-H]- dm/z=9.9843
15114,15127,MS1 annotation,2,[M-2H2O+FA]- [M-H]- dm/z=9.9844
15155,15172,MS1 annotation,2,[M+FA]- [M-H2O-H]- dm/z=64.0168
15168,15171,MS1 annotation,2,[M+FA]- [M+Cl]- dm/z=10.0288
15225,15247,MS1 annotation,2,[M-H]- [M-H2O+FA]- dm/z=27.9952
15242,15300,MS1 annotation,3,[M-H]- [M+FA]- dm/z=46.0047
15263,15335,MS1 annotation,2,[M-H2O-H]- [M+FA]- dm/z=64.0162
15279,15293,MS1 annotation,2,[M-H]- [M+FA]- dm/z=46.0059
15296,15308,MS1 annotation,2,[M-H]- [M+FA]- dm/z=46.0060
15329,15417,MS1 annotation,2,[M-H]- [M-H2O+FA]- dm/z=27.9956
15347,15355,MS1 annotation,2,[M-H]- [M+FA]- dm/z=46.0057
15603,15605,MS1 annotation,2,[M-2H2O-2H+Na]- [M+Cl]- dm/z=50.0161
15628,15640,MS1 annotation,2,[M-H]- [M+FA]- dm/z=46.0054
15655,15662,MS1 annotation,2,[2M-2H2O-2H+Na]- [M+Cl]- dm/z=200.0902
15790,15810,MS1 annotation,2,[M-2H2O-H]- [M+Cl]- dm/z=71.9985
15835,15962,MS1 annotation,2,[M-H]- [M-H2O+FA]- dm/z=27.9953
16081,16088,MS1 annotation,2,[M-H]- [M-H2O+FA]- dm/z=27.9947
16120,16362,MS1 annotation,2,[M-H]- [M-H2O+FA]- dm/z=27.9943
16247,16252,MS1 annotation,2,[M-2H2O+FA]- [M-H]- dm/z=9.9844
16252,16404,MS1 annotation,2,[M-H]- [M+FA]- dm/z=46.0057
16265,16333,MS1 annotation,2,[M+Cl]- [M-2H2O-2H+Na]- dm/z=50.0166
16429,16471,MS1 annotation,2,[M+FA]- [M-H]- dm/z=46.0059
16771,16805,MS1 annotation,2,[M+FA]- [M-H2O-H]- dm/z=64.0159
16846,16941,MS1 annotation,2,[M-H]- [M-2H2O+FA]- dm/z=9.9845
16868,16913,MS1 annotation,2,[M-H]- [M-2H2O+FA]- dm/z=9.9843
17009,17030,MS1 annotation,2,[M+FA]- [M-H2O-H]- dm/z=64.0162
17076,17077,MS1 annotation,2,[M-2H2O+FA]- [M-H]- dm/z=9.9829
17109,17134,MS1 annotation,2,[M-H]- [M-2H2O+FA]- dm/z=9.9845
17124,17128,MS1 annotation,2,[M-H]- [M-2H2O+FA]- dm/z=9.9844
17157,17175,MS1 annotation,2,[M-H2O-H]- [M+FA]- dm/z=64.0159
17202,17259,MS1 annotation,2,[M-H2O-2H+Na]- [M+Cl]- dm/z=32.0052
17252,17325,MS1 annotation,2,[M-H]- [M-2H2O+FA]- dm/z=9.9844
17522,17612,MS1 annotation,2,[2M-H2O-H]- [M+FA]- dm/z=164.0650
17550,17559,MS1 annotation,2,[M-2H2O+FA]- [M-H]- dm/z=9.9841
17642,17779,MS1 annotation,2,[2M+FA]- [M-H]- dm/z=240.0648
17769,17770,MS1 annotation,2,[M-H]- [M+FA]- dm/z=46.0059
17818,17822,MS1 annotation,2,[M+Cl]- [M-2H2O-2H+Na]- dm/z=50.0138
17965,17992,MS1 annotation,2,[M-H2O+FA]- [M-H]- dm/z=27.9952
18055,18416,MS1 annotation,2,[M-2H+Na]- [M+Cl]- dm/z=13.9943
18112,18171,MS1 annotation,2,[M-2H2O+FA]- [M-H]- dm/z=9.9845
18171,18213,MS1 annotation,2,[2M+FA]- [M-H]- dm/z=230.1164
18220,18308,MS1 annotation,2,[M+FA]- [M-H]- dm/z=46.0055
18300,18332,MS1 annotation,2,[M+Cl]- [M-H]- dm/z=35.9771
18301,18309,MS1 annotation,2,[M-H]- [M+Cl]- dm/z=35.9770
18673,18857,MS1 annotation,2,[M-H]- [M-2H2O+FA]- dm/z=9.9844
18704,18870,MS1 annotation,2,[M-H]- [M+FA]- dm/z=46.0057
18721,18732,MS1 annotation,2,[M-H2O-H]- [M+FA]- dm/z=64.0165
18726,18790,MS1 annotation,2,[M+FA]- [M-2H2O-H]- dm/z=82.0264
18762,18783,MS1 annotation,2,[M-2H2O-2H+Na]- [M+Cl]- dm/z=50.0154
18932,18958,MS1 annotation,2,[M-H]- [2M-H2O+FA]- dm/z=242.1161
19002,19252,MS1 annotation,2,[2M+Cl]- [M+FA]- dm/z=130.0311
19211,19216,MS1 annotation,2,[M-H]- [M+Cl]- dm/z=35.9768
19238,19385,MS1 annotation,2,[2M+Cl]- [M-2H2O+FA]- dm/z=210.1076
19351,19370,MS1 annotation,2,[M+FA]- [M-H]- dm/z=46.0055
19434,19445,MS1 annotation,2,[M+FA]- [M-H]- dm/z=46.0061
19443,38217,MS1 annotation,2,[2M+Cl]- [M-H2O-2H+Na]- dm/z=210.1633
19534,19778,MS1 annotation,2,[M+FA]- [M-H]- dm/z=46.0054
19573,19674,MS1 annotation,2,[M-2H2O+FA]- [M-H]- dm/z=9.9846
19633,19636,MS1 annotation,2,[M-H]- [M+FA]- dm/z=46.0052
19800,19807,MS1 annotation,3,[M+Cl]- [M+FA]- dm/z=10.0287
19800,19801,MS1 annotation,3,[M-H]- [M+FA]- dm/z=46.0055
19801,19807,MS1 annotation,3,[M+Cl]- [M-H]- dm/z=35.9767
19996,19997,MS1 annotation,3,[M+Cl]- [M-2H+Na]- dm/z=13.9947
19997,20197,MS1 annotation,3,[M-2H+Na]- [M+Cl]- dm/z=13.9946
19997,20027,MS1 annotation,2,[2M-2H2O+FA]- [M-H]- dm/z=322.0859
19998,20089,MS1 annotation,2,[M-2H+Na]- [M+Cl]- dm/z=13.9959
20098,20113,MS1 annotation,2,[M-2H2O+FA]- [M-H]- dm/z=9.9841
20120,20159,MS1 annotation,2,[M-H]- [M-H2O+FA]- dm/z=27.9952
20146,20155,MS1 annotation,2,[M+FA]- [2M-H2O-H]- dm/z=358.2134
20534,20552,MS1 annotation,2,[M-H]- [M+FA]- dm/z=46.0049
20565,20699,MS1 annotation,2,[M+Cl]- [M-2H2O+FA]- dm/z=25.9921
20833,20879,MS1 annotation,2,[M-2H2O+Cl]- [M-H]- dm/z=0.0449
21025,21037,MS1 annotation,2,[M+Cl]- [M-H]- dm/z=35.9768
21351,21526,MS1 annotation,2,[M+Cl]- [M+FA]- dm/z=10.0290
21534,35806,MS1 annotation,2,[M+Cl]- [M-2H+Na]- dm/z=13.9944
21728,21743,MS1 annotation,2,[M-H2O+FA]- [M-H]- dm/z=27.9947
21731,21841,MS1 annotation,2,[M+Cl]- [M-2H2O-2H+Na]- dm/z=50.0157
21743,21750,MS1 annotation,2,[M-H]- [M+FA]- dm/z=46.0051
21884,21985,MS1 annotation,2,[M+FA]- [2M-2H2O-H]- dm/z=184.0718
21967,21968,MS1 annotation,2,[M+FA]- [M+Cl]- dm/z=10.0290
22041,22050,MS1 annotation,2,[M-H]- [M+FA]- dm/z=46.0056
22174,22319,MS1 annotation,2,[M-H]- [M-2H2O+FA]- dm/z=9.9845
22294,22316,MS1 annotation,2,[2M-2H2O-2H+Na]- [M+FA]- dm/z=215.1051
22338,22339,MS1 annotation,2,[M+Cl]- [M-H2O-2H+Na]- dm/z=32.0050
22338,22340,MS1 annotation,2,[2M-H]- [M-2H2O+FA]- dm/z=244.1317
22418,22533,MS1 annotation,2,[M-H]- [M-2H2O+FA]- dm/z=9.9843
22450,22679,MS1 annotation,2,[M+FA]- [M-H]- dm/z=46.0055
22484,22535,MS1 annotation,2,[M+FA]- [M-H]- dm/z=46.0056
22555,22596,MS1 annotation,2,[M-2H2O-2H+Na]- [M+Cl]- dm/z=50.0160
22754,22885,MS1 annotation,2,[M-H2O+FA]- [M-H]- dm/z=27.9949
22871,22873,MS1 annotation,2,[M-H]- [M+Cl]- dm/z=35.9767
23133,23219,MS1 annotation,2,[M+FA]- [M-H]- dm/z=46.0058
23133,23158,MS1 annotation,2,[M-H]- [M-2H2O+FA]- dm/z=9.9846
23133,23142,MS1 annotation,2,[M-H]- [M-H2O+FA]- dm/z=27.9953
23234,23334,MS1 annotation,2,[M+FA]- [2M-2H2O-2H+Na]- dm/z=160.0704
23571,23639,MS1 annotation,2,[M-H2O-2H+Na]- [M+Cl]- dm/z=32.0052
23590,23595,MS1 annotation,2,[2M-2H2O-2H+Na]- [M+FA]- dm/z=176.1016
23791,23795,MS1 annotation,2,[M-H]- [M-H2O+FA]- dm/z=27.9951
23867,23876,MS1 annotation,2,[M+Cl]- [M+FA]- dm/z=10.0286
24087,24223,MS1 annotation,2,[M-H]- [M-2H2O+FA]- dm/z=9.9846
24164,24223,MS1 annotation,2,[M-2H2O-2H+Na]- [M+Cl]- dm/z=50.0159
24224,24241,MS1 annotation,2,[M-2H2O+FA]- [M-H]- dm/z=9.9844
24658,24713,MS1 annotation,2,[M+Cl]- [M-2H2O-2H+Na]- dm/z=50.0160
24837,24945,MS1 annotation,2,[2M-H]- [M+FA]- dm/z=182.0553
25017,25067,MS1 annotation,2,[M-H]- [M+FA]- dm/z=46.0064
25121,25151,MS1 annotation,2,[M-2H2O+FA]- [M-H]- dm/z=9.9841
25206,25219,MS1 annotation,2,[M+Cl]- [M+FA]- dm/z=10.0290
25209,25232,MS1 annotation,2,[M-H2O+FA]- [M-H]- dm/z=27.9952
25230,25269,MS1 annotation,2,[2M-H2O-2H+Na]- [M+Cl]- dm/z=214.1684
25268,25281,MS1 annotation,2,[M-H]- [M-H2O+FA]- dm/z=27.9953
25546,25775,MS1 annotation,2,[M-H2O+FA]- [M-H]- dm/z=27.9951
25636,25652,MS1 annotation,2,[M-2H2O+FA]- [M-H]- dm/z=9.9845
25779,25797,MS1 annotation,2,[M-H2O-H]- [M+FA]- dm/z=64.0161
25855,26032,MS1 annotation,2,[M-H]- [M+FA]- dm/z=46.0055
25942,25988,MS1 annotation,2,[M-H]- [M-H2O+FA]- dm/z=27.9951
25958,25983,MS1 annotation,2,[M+FA]- [M+Cl]- dm/z=10.0287
25976,25978,MS1 annotation,2,[M-H2O+FA]- [M-H]- dm/z=27.9955
26097,26108,MS1 annotation,2,[M-H]- [M+FA]- dm/z=46.0060
26126,26192,MS1 annotation,2,[M-2H2O+FA]- [M-H]- dm/z=9.9843
26261,26272,MS1 annotation,2,[M+FA]- [M-H]- dm/z=46.0058
26319,26336,MS1 annotation,2,[M-H]- [M-H2O+FA]- dm/z=27.9950
26380,26387,MS1 annotation,2,[M+FA]- [M+Cl]- dm/z=10.0291
26506,26530,MS1 annotation,2,[M-H2O+FA]- [M-H]- dm/z=27.9952
26517,26525,MS1 annotation,2,[2M-H]- [M-2H2O+Cl]- dm/z=278.1663
26679,26693,MS1 annotation,2,[M-H]- [M-H2O+FA]- dm/z=27.9951
26899,27444,MS1 annotation,2,[M+Cl]- [M-H2O-2H+Na]- dm/z=32.0051
27013,27119,MS1 annotation,2,[M-H]- [M-H2O+FA]- dm/z=27.9948
27110,27136,MS1 annotation,2,[M-H]- [2M+FA]- dm/z=274.1421
27258,27322,MS1 annotation,2,[M-2H+Na]- [M+Cl]- dm/z=13.9945
27280,27281,MS1 annotation,2,[M-H2O+FA]- [M-H]- dm/z=27.9944
27451,27453,MS1 annotation,2,[M+FA]- [M-H]- dm/z=46.0053
27789,27794,MS1 annotation,2,[M-2H2O-2H+Na]- [M+Cl]- dm/z=50.0161
27791,27837,MS1 annotation,2,[M+FA]- [M-H2O-H]- dm/z=64.0161
28055,28352,MS1 annotation,3,[M-H]- [M-2H2O+FA]- dm/z=9.9843
28125,28133,MS1 annotation,2,[M+Cl]- [M+FA]- dm/z=10.0289
28293,28313,MS1 annotation,2,[M-H]- [M-2H2O+FA]- dm/z=9.9842
28352,28423,MS1 annotation,3,[M-2H2O+FA]- [M-H]- dm/z=9.9843
28820,28837,MS1 annotation,2,[M+Cl]- [M-H]- dm/z=35.9767
28897,28967,MS1 annotation,2,[M+FA]- [2M-2H2O-2H+Na]- dm/z=176.1015
29008,29129,MS1 annotation,2,[M+FA]- [M-H]- dm/z=46.0054
29022,29186,MS1 annotation,2,[M+FA]- [M-H]- dm/z=46.0060
29073,29144,MS1 annotation,2,[M+FA]- [M-H]- dm/z=46.0057
29275,29350,MS1 annotation,2,[M-H]- [M-2H2O+FA]- dm/z=9.9849
29490,29505,MS1 annotation,2,[M+FA]- [M-H]- dm/z=46.0055
29846,29850,MS1 annotation,2,[M-H]- [M+FA]- dm/z=46.0056
29964,30080,MS1 annotation,2,[M-H]- [M-2H2O+FA]- dm/z=9.9849
30063,30175,MS1 annotation,2,[M-H]- [M-2H2O+FA]- dm/z=9.9843
30399,30528,MS1 annotation,2,[M-2H2O+FA]- [M-H]- dm/z=9.9842
30510,30566,MS1 annotation,2,[M-H]- [M-H2O+FA]- dm/z=27.9949
30613,31026,MS1 annotation,2,[M+Cl]- [M-H2O-2H+Na]- dm/z=32.0053
30640,30786,MS1 annotation,2,[M-H2O+Cl]- [2M+FA]- dm/z=304.2222
30736,30743,MS1 annotation,2,[M-H]- [M-2H2O+FA]- dm/z=9.9845
30867,38372,MS1 annotation,2,[2M-2H2O+Cl]- [M+FA]- dm/z=285.1680
30992,37987,MS1 annotation,2,[M-2H2O+FA]- [M-H]- dm/z=9.9845
31538,31747,MS1 annotation,2,[M-H]- [M-H2O+FA]- dm/z=27.9954
31777,32038,MS1 annotation,2,[M-H]- [M-H2O+FA]- dm/z=27.9948
31956,32179,MS1 annotation,2,[M+Cl]- [M-2H2O-2H+Na]- dm/z=50.0162
32281,32295,MS1 annotation,2,[M-H]- [M+FA]- dm/z=46.0055
33277,33313,MS1 annotation,2,[M-H]- [M+FA]- dm/z=46.0054
33562,33634,MS1 annotation,2,[M+Cl]- [M-H2O-2H+Na]- dm/z=32.0051
33643,33751,MS1 annotation,2,[M-H]- [M-H2O+FA]- dm/z=27.9948
33686,33687,MS1 annotation,2,[M+FA]- [M+Cl]- dm/z=10.0285
33854,33899,MS1 annotation,2,[M-H]- [M+FA]- dm/z=46.0055
34111,34243,MS1 annotation,2,[M-H2O+FA]- [M-H]- dm/z=27.9950
34240,34256,MS1 annotation,2,[M-H2O+FA]- [M-H]- dm/z=27.9949
35491,35673,MS1 annotation,2,[M+FA]- [M-H2O-H]- dm/z=64.0158
35498,35597,MS1 annotation,2,[M-H]- [M-2H2O+FA]- dm/z=9.9851
35598,35626,MS1 annotation,2,[M+FA]- [M-H2O-H]- dm/z=64.0160
35940,35996,MS1 annotation,2,[M-2H2O+FA]- [M-H]- dm/z=9.9841
36072,36343,MS1 annotation,2,[M-H2O+FA]- [M-H]- dm/z=27.9950
36085,36451,MS1 annotation,2,[M+Cl]- [M-2H2O-2H+Na]- dm/z=50.0161
36156,36400,MS1 annotation,2,[2M+Cl]- [M-H2O-H]- dm/z=342.1837
36184,36512,MS1 annotation,3,[M-H]- [M-H2O+FA]- dm/z=27.9953
36253,36326,MS1 annotation,2,[M-2H2O+FA]- [M-H]- dm/z=9.9845
36261,36327,MS1 annotation,2,[M-H]- [M-H2O+FA]- dm/z=27.9953
36278,36514,MS1 annotation,2,[2M-2H2O+FA]- [M+Cl]- dm/z=246.1962
36295,36298,MS1 annotation,2,[M-H2O+FA]- [M-H]- dm/z=27.9949
36309,36348,MS1 annotation,2,[M+FA]- [2M-2H+Na]- dm/z=224.1660
36333,36416,MS1 annotation,2,[M+Cl]- [M-2H2O-2H+Na]- dm/z=50.0159
36338,36350,MS1 annotation,2,[M-H]- [M-H2O+FA]- dm/z=27.9948
36342,36344,MS1 annotation,2,[M-H]- [M-2H2O+FA]- dm/z=9.9842
36354,36512,MS1 annotation,3,[M-H]- [M-2H2O+FA]- dm/z=9.9848
36359,36414,MS1 annotation,2,[M-H]- [M-H2O+FA]- dm/z=27.9957
36436,36437,MS1 annotation,2,[M-2H2O+FA]- [M-H]- dm/z=9.9847
36453,36521,MS1 annotation,2,[M-H]- [M-2H2O+FA]- dm/z=9.9844
36468,36621,MS1 annotation,2,[M-H]- [M+FA]- dm/z=46.0052
36479,36663,MS1 annotation,2,[M-H]- [M-2H2O+FA]- dm/z=9.9841
36481,36533,MS1 annotation,2,[M-H]- [M-H2O+FA]- dm/z=27.9949
36486,36492,MS1 annotation,2,[M+FA]- [M-H]- dm/z=46.0053
36742,36852,MS1 annotation,2,[M-2H2O-H]- [M+FA]- dm/z=82.0267
36866,36920,MS1 annotation,2,[M-H]- [M-H2O+FA]- dm/z=27.9947
36909,36936,MS1 annotation,2,[M-H2O+FA]- [M-H]- dm/z=27.9951
37028,37152,MS1 annotation,2,[M-H2O-H]- [M+FA]- dm/z=64.0161
37080,37203,MS1 annotation,2,[M+FA]- [M-H]- dm/z=46.0056
37353,37573,MS1 annotation,3,[M-H]- [M+FA]- dm/z=46.0056
37353,37600,MS1 annotation,3,[M+Cl]- [M+FA]- dm/z=10.0288
37526,37530,MS1 annotation,2,[M-H]- [M-H2O+FA]- dm/z=27.9951
37789,38112,MS1 annotation,4,[M-H]- [M+FA]- dm/z=46.0055
37830,37966,MS1 annotation,5,[M-H2O+FA]- [M-H]- dm/z=27.9949
37830,38166,MS1 annotation,5,[M-2H2O+FA]- [M-H]- dm/z=9.9845
37830,37922,MS1 annotation,5,[M+FA]- [M-H]- dm/z=46.0056
37840,38063,MS1 annotation,3,[M+FA]- [M-H]- dm/z=46.0053
37840,38054,MS1 annotation,3,[M-H2O+FA]- [M-H]- dm/z=27.9948
37845,38633,MS1 annotation,4,[M-H]- [M-H2O+FA]- dm/z=27.9948
37881,38233,MS1 annotation,2,[M+Cl]- [M-2H+Na]- dm/z=13.9946
37898,38386,MS1 annotation,3,[M-H]- [M-2H2O+FA]- dm/z=9.9845
37898,38092,MS1 annotation,3,[M+FA]- [M-H2O-H]- dm/z=64.0163
37898,38046,MS1 annotation,3,[M+FA]- [2M-2H2O-2H+Na]- dm/z=186.1587
37898,38202,MS1 annotation,2,[M-2H2O-2H+Na]- [M+Cl]- dm/z=50.0161
37914,38446,MS1 annotation,2,[M+FA]- [M+Cl]- dm/z=10.0289
37922,38165,MS1 annotation,5,[M-H2O-H]- [M+FA]- dm/z=64.0163
37951,38633,MS1 annotation,4,[M-H]- [M-2H2O+FA]- dm/z=9.9847
37973,38309,MS1 annotation,2,[M-H2O-H]- [M+FA]- dm/z=64.0166
37984,38188,MS1 annotation,2,[M-H]- [M-H2O+FA]- dm/z=27.9948
37985,37988,MS1 annotation,2,[M-H2O+FA]- [M-H]- dm/z=27.9950
37989,38102,MS1 annotation,2,[M-2H2O+FA]- [M-H]- dm/z=9.9846
37994,38127,MS1 annotation,4,[M-H]- [M-2H2O+FA]- dm/z=9.9844
37999,38003,MS1 annotation,2,[M+Cl]- [M-2H2O-2H+Na]- dm/z=50.0160
38001,38221,MS1 annotation,2,[M-2H2O-2H+Na]- [M+Cl]- dm/z=50.0160
38004,38285,MS1 annotation,3,[M-H]- [M-H2O+FA]- dm/z=27.9936
38009,38195,MS1 annotation,2,[M+Cl]- [2M-H]- dm/z=236.2119
38010,38574,MS1 annotation,2,[M-H]- [M-H2O+FA]- dm/z=27.9949
38011,38108,MS1 annotation,2,[M+FA]- [2M-H]- dm/z=234.1809
38013,38208,MS1 annotation,2,[M-H2O-H]- [M+FA]- dm/z=64.0161
38018,38217,MS1 annotation,2,[M-H]- [M+FA]- dm/z=46.0050
38021,38319,MS1 annotation,2,[M-H2O+FA]- [M-H]- dm/z=27.9949
38023,38112,MS1 annotation,4,[M-H]- [M-2H2O+FA]- dm/z=9.9845
38027,38314,MS1 annotation,2,[M-H]- [M-2H2O+FA]- dm/z=9.9866
38028,38032,MS1 annotation,3,[M-2H2O+FA]- [M-H]- dm/z=9.9847
38028,38333,MS1 annotation,3,[M-H2O+FA]- [M-H]- dm/z=27.9952
38031,38206,MS1 annotation,3,[M-H]- [M-H2O+FA]- dm/z=27.9946
38031,38160,MS1 annotation,2,[M-H2O+FA]- [M-H]- dm/z=27.9951
38038,38041,MS1 annotation,2,[M-H]- [M-H2O+FA]- dm/z=27.9952
38042,38043,MS1 annotation,2,[M-H2O+FA]- [M-H]- dm/z=27.9949
38043,38129,MS1 annotation,2,[M-H]- [M-2H2O+FA]- dm/z=9.9843
38043,38087,MS1 annotation,2,[M-H2O+FA]- [M-H]- dm/z=27.9954
38046,38129,MS1 annotation,3,[2M-2H2O-H]- [M+FA]- dm/z=164.1741
38051,38080,MS1 annotation,2,[M+FA]- [M-2H2O-H]- dm/z=82.0264
38051,38064,MS1 annotation,2,[M-H2O+FA]- [M-H]- dm/z=27.9942
38052,38194,MS1 annotation,3,[M-H]- [M-H2O+FA]- dm/z=27.9949
38052,38071,MS1 annotation,2,[M+Cl]- [M-2H2O-2H+Na]- dm/z=50.0165
38054,38111,MS1 annotation,2,[M+FA]- [M-H]- dm/z=46.0054
38055,38407,MS1 annotation,2,[M-H]- [M+FA]- dm/z=46.0054
38058,38176,MS1 annotation,2,[M-H]- [M-H2O+FA]- dm/z=27.9952
38059,38326,MS1 annotation,3,[M-H]- [M-2H2O+FA]- dm/z=9.9845
38060,38194,MS1 annotation,3,[M-H]- [M+FA]- dm/z=46.0053
38060,38335,MS1 annotation,2,[M+FA]- [M-H]- dm/z=46.0057
38061,38203,MS1 annotation,4,[M-2H2O+FA]- [M-H]- dm/z=9.9842
38061,38116,MS1 annotation,4,[M-H2O+FA]- [M-H]- dm/z=27.9949
38063,38111,MS1 annotation,2,[M-H2O+FA]- [M-H]- dm/z=27.9949
38063,38077,MS1 annotation,2,[M+Cl]- [M-2H2O-2H+Na]- dm/z=50.0166
38067,38082,MS1 annotation,3,[M+FA]- [M-H]- dm/z=46.0056
38067,38074,MS1 annotation,3,[M-H2O+FA]- [M-H]- dm/z=27.9950
38067,38223,MS1 annotation,3,[M-H]- [M+FA]- dm/z=46.0052
38067,38161,MS1 annotation,2,[M+Cl]- [M-H2O-2H+Na]- dm/z=32.0043
38068,38326,MS1 annotation,3,[M-H]- [M-H2O+FA]- dm/z=27.9948
38068,38537,MS1 annotation,2,[M-2H2O-H]- [M+FA]- dm/z=82.0253
38069,38168,MS1 annotation,2,[M-H]- [M-2H2O+FA]- dm/z=9.9842
38072,38115,MS1 annotation,2,[M-H]- [M-H2O+FA]- dm/z=27.9954
38073,38337,MS1 annotation,2,[M-2H2O+FA]- [M-H]- dm/z=9.9848
38073,38088,MS1 annotation,2,[M+Cl]- [M-2H2O-2H+Na]- dm/z=50.0162
38074,38513,MS1 annotation,2,[M-H]- [M+FA]- dm/z=46.0053
38077,38128,MS1 annotation,3,[M-H]- [M+FA]- dm/z=46.0049
38077,38341,MS1 annotation,2,[M+FA]- [M-H]- dm/z=46.0060
38087,38285,MS1 annotation,3,[M-H]- [M-2H2O+FA]- dm/z=9.9848
38088,38345,MS1 annotation,2,[M+FA]- [M-H]- dm/z=46.0058
38092,38131,MS1 annotation,3,[M-H]- [M+FA]- dm/z=46.0057
38106,38513,MS1 annotation,2,[M-2H2O+FA]- [M-H]- dm/z=9.9844
38108,38278,MS1 annotation,2,[M-H2O-2H+Na]- [M+Cl]- dm/z=32.0046
38109,38322,MS1 annotation,2,[M-H2O+FA]- [M-H]- dm/z=27.9948
38112,38114,MS1 annotation,4,[M-H2O+FA]- [M-H]- dm/z=27.9949
38122,38208,MS1 annotation,2,[M-H2O+FA]- [M-H]- dm/z=27.9949
38127,38219,MS1 annotation,4,[M-H2O+FA]- [M-H]- dm/z=27.9949
38127,38158,MS1 annotation,4,[M+FA]- [M-H]- dm/z=46.0055
38128,38259,MS1 annotation,3,[M-H2O+FA]- [M-H]- dm/z=27.9947
38131,38386,MS1 annotation,3,[M-H]- [M-H2O+FA]- dm/z=27.9951
38131,38187,MS1 annotation,2,[M-H]- [M+FA]- dm/z=46.0059
38135,38238,MS1 annotation,2,[M-2H2O+FA]- [M-H]- dm/z=9.9846
38151,38212,MS1 annotation,2,[M-H2O-2H+Na]- [M+Cl]- dm/z=32.0056
38159,38633,MS1 annotation,4,[M-H]- [M+FA]- dm/z=46.0054
38160,38175,MS1 annotation,3,[M-H]- [M+FA]- dm/z=46.0053
38167,38177,MS1 annotation,2,[M-H]- [M-2H2O+FA]- dm/z=9.9844
38169,38326,MS1 annotation,2,[M-H2O-2H+Na]- [M+Cl]- dm/z=32.0055
38169,38336,MS1 annotation,2,[M-H2O+FA]- [M-H]- dm/z=27.9950
38171,38208,MS1 annotation,2,[M-2H2O+FA]- [M-H]- dm/z=9.9841
38175,38311,MS1 annotation,3,[M-H2O+FA]- [M-H]- dm/z=27.9955
38175,38206,MS1 annotation,3,[M-H]- [M-2H2O+FA]- dm/z=9.9845
38178,38278,MS1 annotation,2,[M-H2O+Cl]- [M+FA]- dm/z=28.0403
38181,38230,MS1 annotation,2,[M-H]- [M-H2O+FA]- dm/z=27.9951
38194,38308,MS1 annotation,2,[M-H]- [M-H2O+FA]- dm/z=27.9948
38195,38450,MS1 annotation,2,[M+Cl]- [M-H2O-2H+Na]- dm/z=32.0049
38200,38308,MS1 annotation,2,[M-2H2O+FA]- [M-H]- dm/z=9.9847
38203,38671,MS1 annotation,4,[M-H]- [M-2H2O+FA]- dm/z=9.9842
38207,38284,MS1 annotation,3,[M+FA]- [M-H]- dm/z=46.0056
38207,38533,MS1 annotation,3,[M-H2O+FA]- [M-H]- dm/z=27.9949
38209,38228,MS1 annotation,2,[M-H2O-H]- [2M+Cl]- dm/z=291.1939
38213,38342,MS1 annotation,2,[M-2H2O+FA]- [M-H]- dm/z=9.9845
38213,38533,MS1 annotation,2,[M-H2O-H]- [M+FA]- dm/z=64.0161
38216,38302,MS1 annotation,2,[M+Cl]- [M-2H2O-2H+Na]- dm/z=50.0155
38218,38362,MS1 annotation,2,[M-2H2O+FA]- [M-H]- dm/z=9.9844
38221,38284,MS1 annotation,2,[M-H2O+FA]- [M-H]- dm/z=27.9952
38223,38513,MS1 annotation,3,[M-H2O+FA]- [M-H]- dm/z=27.9949
38236,38409,MS1 annotation,2,[M-H2O-2H+Na]- [M+Cl]- dm/z=32.0049
38236,38237,MS1 annotation,2,[M-2H2O+FA]- [M-H]- dm/z=9.9845
38245,38569,MS1 annotation,2,[M+Cl]- [M+FA]- dm/z=10.0289
38254,38300,MS1 annotation,2,[M-2H2O+FA]- [M-H]- dm/z=9.9851
38280,38578,MS1 annotation,2,[M+FA]- [M-H]- dm/z=46.0055
38291,38412,MS1 annotation,2,[M-H2O+FA]- [M-H]- dm/z=27.9949
38328,38407,MS1 annotation,2,[M-H2O-H]- [M+FA]- dm/z=64.0159
38679,38946,MS1 annotation,3,[M-2H2O-H]- [M+Cl]- dm/z=71.9975
38679,38707,MS1 annotation,3,[M-H]- [M+Cl]- dm/z=35.9768
38686,38900,MS1 annotation,2,[M-2H+Na]- [M+FA]- dm/z=24.0234
38689,38933,MS1 annotation,2,[M-2H2O-2H+Na]- [M+Cl]- dm/z=50.0159
38710,38932,MS1 annotation,2,[M+FA]- [M-2H+Na]- dm/z=24.0219
38777,38813,MS1 annotation,2,[M-H]- [M-2H2O+FA]- dm/z=9.9841
38883,38888,MS1 annotation,2,[M-H2O+Cl]- [M+FA]- dm/z=28.0406
38952,38970,MS1 annotation,2,[M-H2O-H]- [M+FA]- dm/z=64.0160
39167,39279,MS1 annotation,2,[M+Cl]- [M+FA]- dm/z=10.0295
39168,39264,MS1 annotation,2,[M-H]- [M-2H2O+FA]- dm/z=9.9846
39169,39198,MS1 annotation,2,[2M+FA]- [M-H2O-2H+Na]- dm/z=404.2372
39303,39304,MS1 annotation,2,[M-H2O+FA]- [M-H]- dm/z=27.9946
39335,39336,MS1 annotation,2,[M-H2O+FA]- [M-H]- dm/z=27.9951
39496,39497,MS1 annotation,2,[M+FA]- [M+Cl]- dm/z=10.0286
39564,39593,MS1 annotation,2,[M+Cl]- [M+FA]- dm/z=10.0284
39644,39796,MS1 annotation,2,[M+FA]- [M-2H+Na]- dm/z=24.0225
39645,39672,MS1 annotation,2,[M+Cl]- [M+FA]- dm/z=10.0299
39671,39734,MS1 annotation,2,[M+FA]- [M+Cl]- dm/z=10.0285
39673,39732,MS1 annotation,2,[M+Cl]- [M+FA]- dm/z=10.0294
39674,39733,MS1 annotation,2,[M+Cl]- [M+FA]- dm/z=10.0293
39675,39815,MS1 annotation,2,[M-2H+Na]- [M+FA]- dm/z=24.0232
39733,39795,MS1 annotation,2,[M+FA]- [M-2H+Na]- dm/z=24.0211
39738,39747,MS1 annotation,2,[M+Cl]- [M+FA]- dm/z=10.0293
39955,39957,MS1 annotation,2,[M-H2O+FA]- [M-H]- dm/z=27.9951
39982,40078,MS1 annotation,2,[M+FA]- [M+Cl]- dm/z=10.0288
40456,40855,MS1 annotation,2,[M-H]- [M+FA]- dm/z=46.0049
40456,41236,MS1 annotation,2,[M-H]- [M-H2O+FA]- dm/z=27.9943
40521,41343,MS1 annotation,2,[M-2H2O+FA]- [M-H]- dm/z=9.9852
40533,41008,MS1 annotation,2,[M-H2O-2H+Na]- [M+Cl]- dm/z=32.0058
40562,41236,MS1 annotation,2,[M-2H2O+FA]- [M-H]- dm/z=9.9858
40570,41005,MS1 annotation,2,[M-H2O-2H+Na]- [M+Cl]- dm/z=32.0051
40570,40753,MS1 annotation,2,[M-H]- [M-2H2O+FA]- dm/z=9.9846
40580,40728,MS1 annotation,2,[M-2H2O+FA]- [M-H]- dm/z=9.9845
40588,40689,MS1 annotation,2,[M-H]- [M-2H2O+FA]- dm/z=9.9845
40598,40942,MS1 annotation,2,[M-H]- [M-H2O+FA]- dm/z=27.9950
40598,40908,MS1 annotation,2,[M-H2O+FA]- [M-H]- dm/z=27.9949
40599,40715,MS1 annotation,2,[M+Cl]- [M-2H+Na]- dm/z=13.9960
40615,41398,MS1 annotation,3,[M+FA]- [M-H]- dm/z=46.0054
40615,40705,MS1 annotation,3,[M-H2O+FA]- [M-H]- dm/z=27.9949
40615,41541,MS1 annotation,2,[M+Cl]- [M-2H2O-2H+Na]- dm/z=50.0156
40619,41069,MS1 annotation,3,[M+Cl]- [M-2H+Na]- dm/z=13.9944
40619,40889,MS1 annotation,2,[M-H2O-H]- [M+FA]- dm/z=64.0161
40633,40848,MS1 annotation,2,[M-2H2O+FA]- [M-H]- dm/z=9.9837
40633,41069,MS1 annotation,2,[M-H]- [M+FA]- dm/z=46.0060
40673,40708,MS1 annotation,2,[M-2H+Na]- [M+Cl]- dm/z=13.9953
40677,40753,MS1 annotation,3,[M+Cl]- [M-H2O-2H+Na]- dm/z=32.0049
40680,40690,MS1 annotation,2,[M-H]- [M+FA]- dm/z=46.0057
40734,41368,MS1 annotation,2,[M-2H2O+FA]- [M-H]- dm/z=9.9843
40753,41309,MS1 annotation,3,[M-H2O-2H+Na]- [M+Cl]- dm/z=32.0049
40773,40974,MS1 annotation,3,[M-H]- [M-H2O+FA]- dm/z=27.9950
40812,41010,MS1 annotation,2,[M-2H2O+FA]- [M-H]- dm/z=9.9844
40813,41213,MS1 annotation,2,[M-H]- [M-H2O+FA]- dm/z=27.9957
40817,40888,MS1 annotation,2,[M-H]- [M-H2O+FA]- dm/z=27.9952
40825,41090,MS1 annotation,2,[M-H2O+FA]- [M-H]- dm/z=27.9947
40840,40900,MS1 annotation,2,[M-H]- [M-H2O+FA]- dm/z=27.9950
40847,40957,MS1 annotation,2,[M-H2O+FA]- [M-H]- dm/z=27.9948
40857,41438,MS1 annotation,2,[M+Cl]- [2M-H]- dm/z=194.2030
40863,41378,MS1 annotation,2,[M+Cl]- [M-2H2O-2H+Na]- dm/z=50.0169
40899,40905,MS1 annotation,3,[M-H2O+FA]- [M-H]- dm/z=27.9953
40899,40912,MS1 annotation,3,[M+FA]- [M-H]- dm/z=46.0057
40901,41312,MS1 annotation,2,[M-H]- [M-2H2O+FA]- dm/z=9.9843
40905,41377,MS1 annotation,2,[M-H]- [M-2H2O+FA]- dm/z=9.9845
40907,40912,MS1 annotation,2,[M-2H2O+FA]- [M-H]- dm/z=9.9841
40913,40915,MS1 annotation,2,[M-H2O+FA]- [M-H]- dm/z=27.9949
40923,40934,MS1 annotation,2,[M+FA]- [M-H]- dm/z=46.0050
40941,41352,MS1 annotation,2,[M-H]- [M-2H2O+FA]- dm/z=9.9847
40946,40974,MS1 annotation,3,[M-H]- [M+FA]- dm/z=46.0053
40963,41157,MS1 annotation,2,[M-H2O-2H+Na]- [M+Cl]- dm/z=32.0048
40978,41337,MS1 annotation,2,[M+FA]- [M-H]- dm/z=46.0051
41053,41370,MS1 annotation,2,[M-H2O+FA]- [M-H]- dm/z=27.9951
41069,41242,MS1 annotation,3,[M-H2O-2H+Na]- [M+Cl]- dm/z=32.0051
41154,41406,MS1 annotation,2,[M+Cl]- [M-H2O-2H+Na]- dm/z=32.0051
41180,41454,MS1 annotation,2,[M-H2O-2H+Na]- [M+Cl]- dm/z=32.0057
41210,41519,MS1 annotation,2,[M-2H2O-2H+Na]- [M+Cl]- dm/z=50.0159
41400,41569,MS1 annotation,2,[M-H]- [M-H2O+Cl]- dm/z=17.9665
41568,41734,MS1 annotation,2,[M-H]- [M-2H2O+FA]- dm/z=9.9847
41576,41840,MS1 annotation,2,[M-H]- [M-H2O+FA]- dm/z=27.9950
41653,41755,MS1 annotation,2,[M+Cl]- [M-H2O-2H+Na]- dm/z=32.0054
41687,41919,MS1 annotation,2,[M+FA]- [M-H]- dm/z=46.0056
41698,41894,MS1 annotation,2,[M+FA]- [M-H]- dm/z=46.0056
41717,41728,MS1 annotation,2,[M+FA]- [M-H]- dm/z=46.0058
41770,41799,MS1 annotation,2,[M-2H2O+FA]- [M-H]- dm/z=9.9847
41800,41817,MS1 annotation,2,[M+Cl]- [M-H2O-2H+Na]- dm/z=32.0053
41827,41945,MS1 annotation,2,[M-H2O+FA]- [2M+Cl]- dm/z=316.1865
41970,42065,MS1 annotation,2,[M-H]- [M+Cl]- dm/z=35.9764
41991,42380,MS1 annotation,2,[M-2H2O+FA]- [M-H]- dm/z=9.9853
42028,42384,MS1 annotation,2,[M-H2O+Cl]- [M-H]- dm/z=17.9663
42057,42373,MS1 annotation,2,[M-H2O-2H+Na]- [M+Cl]- dm/z=32.0053
42086,42118,MS1 annotation,2,[M+Cl]- [M+FA]- dm/z=10.0284
42114,42418,MS1 annotation,2,[M-H]- [M+FA]- dm/z=46.0053
42121,42180,MS1 annotation,2,[M+Cl]- [M-H2O-2H+Na]- dm/z=32.0055
42252,42367,MS1 annotation,2,[M-H2O-2H+Na]- [M+Cl]- dm/z=32.0049
42273,42366,MS1 annotation,2,[M-2H2O+FA]- [M-H]- dm/z=9.9844
42932,42985,MS1 annotation,2,[M+FA]- [M+Cl]- dm/z=10.0286
42944,43046,MS1 annotation,2,[M-H]- [M-2H2O+FA]- dm/z=9.9848
43104,43105,MS1 annotation,2,[M-H2O+FA]- [M-H]- dm/z=27.9944
