,SpectrumID,X.Scan.,SpectrumFile,LibraryName,MQScore,TIC_Query,RT_Query,MZErrorPPM,SharedPeaks,MassDiff,SpecMZ,SpecCharge,FileScanUniqueID,NumberHits,Compound_Name,Ion_Source,Instrument,Compound_Source,PI,Data_Collector,Adduct,Precursor_MZ,ExactMass,Charge,CAS_Number,Pubmed_ID,Smiles,INCHI,INCHI_AUX,Library_Class,IonMode,Organism,LibMZ,UpdateWorkflowName,LibraryQualityString,tags,molecular_formula,InChIKey,InChIKey.Planar,superclass,class,subclass,npclassifier_superclass,npclassifier_class,npclassifier_pathway,library_usi,name_analog,parent_drug_libid,delta_mass,analog_mgf_scan,chemical_source,name_connected_compound,pharmacologic_class,therapeutic_area,therapeutic_indication,mechanism_of_action,inchikey
1,CCMSLIB00012722382,27678,spectra_filtered.mgf,GNPS_Drug_Library_Spectra_Drug_Analogs.mgf,0.750321,2497600000,0,14.9829,4,0.00259399,173.133,1,temp/spectra_filtered.mgf27678,1,related spectra of 'oxandrolone (Delta Mass:-132.08)',ESI,Orbitrap,Crude,Pieter Dorrestein,NinaZhao,M+H,173.13,0,1,N/A,N/A,N/A,N/A,N/A,3,Positive,GNPS-DRUG-ANALOG,173.13,UPDATE-SINGLE-ANNOTATED-BRONZE,Bronze,,N/A,N/A,N/A,N/A,N/A,N/A,N/A,N/A,N/A,mzspec:GNPS:GNPS-LIBRARY:CCMSLIB00012722382,related spectra of 'oxandrolone (delta mass:-132.08)',CCMSLIB00005723841,-132.08,22,Drug_analog|Low_confidence,oxandrolone,androstan derivatives,endocrinology,weight gain,androgen receptor agonist,CCCXHTHETXUUDU-REBFHUNPSA-N
2,CCMSLIB00012722382,28318,spectra_filtered.mgf,GNPS_Drug_Library_Spectra_Drug_Analogs.mgf,0.805089,694450000,0,15.5999,5,0.00270081,173.133,1,temp/spectra_filtered.mgf28318,1,related spectra of 'oxandrolone (Delta Mass:-132.08)',ESI,Orbitrap,Crude,Pieter Dorrestein,NinaZhao,M+H,173.13,0,1,N/A,N/A,N/A,N/A,N/A,3,Positive,GNPS-DRUG-ANALOG,173.13,UPDATE-SINGLE-ANNOTATED-BRONZE,Bronze,,N/A,N/A,N/A,N/A,N/A,N/A,N/A,N/A,N/A,mzspec:GNPS:GNPS-LIBRARY:CCMSLIB00012722382,related spectra of 'oxandrolone (delta mass:-132.08)',CCMSLIB00005723841,-132.08,22,Drug_analog|Low_confidence,oxandrolone,androstan derivatives,endocrinology,weight gain,androgen receptor agonist,CCCXHTHETXUUDU-REBFHUNPSA-N
3,CCMSLIB00012722382,23308,spectra_filtered.mgf,GNPS_Drug_Library_Spectra_Drug_Analogs.mgf,0.750775,3205200000,0,14.9829,4,0.00259399,173.133,1,temp/spectra_filtered.mgf23308,1,related spectra of 'oxandrolone (Delta Mass:-132.08)',ESI,Orbitrap,Crude,Pieter Dorrestein,NinaZhao,M+H,173.13,0,1,N/A,N/A,N/A,N/A,N/A,3,Positive,GNPS-DRUG-ANALOG,173.13,UPDATE-SINGLE-ANNOTATED-BRONZE,Bronze,,N/A,N/A,N/A,N/A,N/A,N/A,N/A,N/A,N/A,mzspec:GNPS:GNPS-LIBRARY:CCMSLIB00012722382,related spectra of 'oxandrolone (delta mass:-132.08)',CCMSLIB00005723841,-132.08,22,Drug_analog|Low_confidence,oxandrolone,androstan derivatives,endocrinology,weight gain,androgen receptor agonist,CCCXHTHETXUUDU-REBFHUNPSA-N
4,CCMSLIB00012722382,26657,spectra_filtered.mgf,GNPS_Drug_Library_Spectra_Drug_Analogs.mgf,0.751952,2124400000,0,14.9829,4,0.00259399,173.133,1,temp/spectra_filtered.mgf26657,1,related spectra of 'oxandrolone (Delta Mass:-132.08)',ESI,Orbitrap,Crude,Pieter Dorrestein,NinaZhao,M+H,173.13,0,1,N/A,N/A,N/A,N/A,N/A,3,Positive,GNPS-DRUG-ANALOG,173.13,UPDATE-SINGLE-ANNOTATED-BRONZE,Bronze,,N/A,N/A,N/A,N/A,N/A,N/A,N/A,N/A,N/A,mzspec:GNPS:GNPS-LIBRARY:CCMSLIB00012722382,related spectra of 'oxandrolone (delta mass:-132.08)',CCMSLIB00005723841,-132.08,22,Drug_analog|Low_confidence,oxandrolone,androstan derivatives,endocrinology,weight gain,androgen receptor agonist,CCCXHTHETXUUDU-REBFHUNPSA-N
5,CCMSLIB00012722382,21348,spectra_filtered.mgf,GNPS_Drug_Library_Spectra_Drug_Analogs.mgf,0.836643,1036400000,0,14.9829,4,0.00259399,173.133,1,temp/spectra_filtered.mgf21348,1,related spectra of 'oxandrolone (Delta Mass:-132.08)',ESI,Orbitrap,Crude,Pieter Dorrestein,NinaZhao,M+H,173.13,0,1,N/A,N/A,N/A,N/A,N/A,3,Positive,GNPS-DRUG-ANALOG,173.13,UPDATE-SINGLE-ANNOTATED-BRONZE,Bronze,,N/A,N/A,N/A,N/A,N/A,N/A,N/A,N/A,N/A,mzspec:GNPS:GNPS-LIBRARY:CCMSLIB00012722382,related spectra of 'oxandrolone (delta mass:-132.08)',CCMSLIB00005723841,-132.08,22,Drug_analog|Low_confidence,oxandrolone,androstan derivatives,endocrinology,weight gain,androgen receptor agonist,CCCXHTHETXUUDU-REBFHUNPSA-N
6,CCMSLIB00012722382,27298,spectra_filtered.mgf,GNPS_Drug_Library_Spectra_Drug_Analogs.mgf,0.746824,842390000,0,14.9829,4,0.00259399,173.133,1,temp/spectra_filtered.mgf27298,1,related spectra of 'oxandrolone (Delta Mass:-132.08)',ESI,Orbitrap,Crude,Pieter Dorrestein,NinaZhao,M+H,173.13,0,1,N/A,N/A,N/A,N/A,N/A,3,Positive,GNPS-DRUG-ANALOG,173.13,UPDATE-SINGLE-ANNOTATED-BRONZE,Bronze,,N/A,N/A,N/A,N/A,N/A,N/A,N/A,N/A,N/A,mzspec:GNPS:GNPS-LIBRARY:CCMSLIB00012722382,related spectra of 'oxandrolone (delta mass:-132.08)',CCMSLIB00005723841,-132.08,22,Drug_analog|Low_confidence,oxandrolone,androstan derivatives,endocrinology,weight gain,androgen receptor agonist,CCCXHTHETXUUDU-REBFHUNPSA-N
7,CCMSLIB00012722382,14485,spectra_filtered.mgf,GNPS_Drug_Library_Spectra_Drug_Analogs.mgf,0.918037,7.12e+08,0,14.9829,6,0.00259399,173.133,1,temp/spectra_filtered.mgf14485,1,related spectra of 'oxandrolone (Delta Mass:-132.08)',ESI,Orbitrap,Crude,Pieter Dorrestein,NinaZhao,M+H,173.13,0,1,N/A,N/A,N/A,N/A,N/A,3,Positive,GNPS-DRUG-ANALOG,173.13,UPDATE-SINGLE-ANNOTATED-BRONZE,Bronze,,N/A,N/A,N/A,N/A,N/A,N/A,N/A,N/A,N/A,mzspec:GNPS:GNPS-LIBRARY:CCMSLIB00012722382,related spectra of 'oxandrolone (delta mass:-132.08)',CCMSLIB00005723841,-132.08,22,Drug_analog|Low_confidence,oxandrolone,androstan derivatives,endocrinology,weight gain,androgen receptor agonist,CCCXHTHETXUUDU-REBFHUNPSA-N
8,CCMSLIB00012722382,21852,spectra_filtered.mgf,GNPS_Drug_Library_Spectra_Drug_Analogs.mgf,0.780211,1789900000,0,15.5999,4,0.00270081,173.133,1,temp/spectra_filtered.mgf21852,1,related spectra of 'oxandrolone (Delta Mass:-132.08)',ESI,Orbitrap,Crude,Pieter Dorrestein,NinaZhao,M+H,173.13,0,1,N/A,N/A,N/A,N/A,N/A,3,Positive,GNPS-DRUG-ANALOG,173.13,UPDATE-SINGLE-ANNOTATED-BRONZE,Bronze,,N/A,N/A,N/A,N/A,N/A,N/A,N/A,N/A,N/A,mzspec:GNPS:GNPS-LIBRARY:CCMSLIB00012722382,related spectra of 'oxandrolone (delta mass:-132.08)',CCMSLIB00005723841,-132.08,22,Drug_analog|Low_confidence,oxandrolone,androstan derivatives,endocrinology,weight gain,androgen receptor agonist,CCCXHTHETXUUDU-REBFHUNPSA-N
9,CCMSLIB00012722382,22390,spectra_filtered.mgf,GNPS_Drug_Library_Spectra_Drug_Analogs.mgf,0.748832,2292900000,0,15.5999,4,0.00270081,173.133,1,temp/spectra_filtered.mgf22390,1,related spectra of 'oxandrolone (Delta Mass:-132.08)',ESI,Orbitrap,Crude,Pieter Dorrestein,NinaZhao,M+H,173.13,0,1,N/A,N/A,N/A,N/A,N/A,3,Positive,GNPS-DRUG-ANALOG,173.13,UPDATE-SINGLE-ANNOTATED-BRONZE,Bronze,,N/A,N/A,N/A,N/A,N/A,N/A,N/A,N/A,N/A,mzspec:GNPS:GNPS-LIBRARY:CCMSLIB00012722382,related spectra of 'oxandrolone (delta mass:-132.08)',CCMSLIB00005723841,-132.08,22,Drug_analog|Low_confidence,oxandrolone,androstan derivatives,endocrinology,weight gain,androgen receptor agonist,CCCXHTHETXUUDU-REBFHUNPSA-N
10,CCMSLIB00012722382,25626,spectra_filtered.mgf,GNPS_Drug_Library_Spectra_Drug_Analogs.mgf,0.779711,1227200000,0,14.9829,4,0.00259399,173.133,1,temp/spectra_filtered.mgf25626,1,related spectra of 'oxandrolone (Delta Mass:-132.08)',ESI,Orbitrap,Crude,Pieter Dorrestein,NinaZhao,M+H,173.13,0,1,N/A,N/A,N/A,N/A,N/A,3,Positive,GNPS-DRUG-ANALOG,173.13,UPDATE-SINGLE-ANNOTATED-BRONZE,Bronze,,N/A,N/A,N/A,N/A,N/A,N/A,N/A,N/A,N/A,mzspec:GNPS:GNPS-LIBRARY:CCMSLIB00012722382,related spectra of 'oxandrolone (delta mass:-132.08)',CCMSLIB00005723841,-132.08,22,Drug_analog|Low_confidence,oxandrolone,androstan derivatives,endocrinology,weight gain,androgen receptor agonist,CCCXHTHETXUUDU-REBFHUNPSA-N
11,CCMSLIB00012722413,21334,spectra_filtered.mgf,GNPS_Drug_Library_Spectra_Drug_Analogs.mgf,0.727099,3.93e+08,0,0.0842457,4,1.52588e-05,181.122,1,temp/spectra_filtered.mgf21334,1,related spectra of 'exemestane (Delta Mass:-116.06)',ESI,Orbitrap,Crude,Pieter Dorrestein,NinaZhao,M+H,181.122,0,1,N/A,N/A,N/A,N/A,N/A,3,Positive,GNPS-DRUG-ANALOG,181.122,UPDATE-SINGLE-ANNOTATED-BRONZE,Bronze,,N/A,N/A,N/A,N/A,N/A,N/A,N/A,N/A,N/A,mzspec:GNPS:GNPS-LIBRARY:CCMSLIB00012722413,related spectra of 'exemestane (delta mass:-116.06)',CCMSLIB00000208693|CCMSLIB00000208694|CCMSLIB00000208699|CCMSLIB00000208700,-116.06,53,Drug_analog|Low_confidence,exemestane,aromatase inhibitor,oncology,breast cancer,aromatase inhibitor,BFYIZQONLCFLEV-UHFFFAOYSA-N
12,CCMSLIB00012722449,13424,spectra_filtered.mgf,GNPS_Drug_Library_Spectra_Drug_Analogs.mgf,0.762974,98400000,0,0.312779,7,6.10352e-05,195.138,1,temp/spectra_filtered.mgf13424,1,related spectra of 'rimantadine (Delta Mass:14.96)',ESI,Orbitrap,Crude,Pieter Dorrestein,NinaZhao,M+H,195.138,0,1,N/A,N/A,N/A,N/A,N/A,3,Positive,GNPS-DRUG-ANALOG,195.138,UPDATE-SINGLE-ANNOTATED-BRONZE,Bronze,,N/A,N/A,N/A,N/A,N/A,N/A,N/A,N/A,N/A,mzspec:GNPS:GNPS-LIBRARY:CCMSLIB00012722449,related spectra of 'rimantadine (delta mass:14.96)',CCMSLIB00000563621|CCMSLIB00000566331|CCMSLIB00000566347|CCMSLIB00000566351|CCMSLIB00000574056|CCMSLIB00005731441|CCMSLIB00005731570|CCMSLIB00005732527|CCMSLIB00005733302|CCMSLIB00005735868|CCMSLIB00010131280|CCMSLIB00010131281|CCMSLIB00010131282|CCMSLIB00010131284|CCMSLIB00010131285,14.96,89,Drug_analog|Low_confidence,rimantadine,influenza A M2 protein inhibitor,infectious disease,influenza A virus infection,antiviral|RNA synthesis inhibitor,UBCHPRBFMUDMNC-UHFFFAOYSA-N|UBCHPRBFMUDMNC-ULCLOTFOSA-N
13,CCMSLIB00012722449,13754,spectra_filtered.mgf,GNPS_Drug_Library_Spectra_Drug_Analogs.mgf,0.881876,115200000,0,0.312779,9,6.10352e-05,195.138,1,temp/spectra_filtered.mgf13754,1,related spectra of 'rimantadine (Delta Mass:14.96)',ESI,Orbitrap,Crude,Pieter Dorrestein,NinaZhao,M+H,195.138,0,1,N/A,N/A,N/A,N/A,N/A,3,Positive,GNPS-DRUG-ANALOG,195.138,UPDATE-SINGLE-ANNOTATED-BRONZE,Bronze,,N/A,N/A,N/A,N/A,N/A,N/A,N/A,N/A,N/A,mzspec:GNPS:GNPS-LIBRARY:CCMSLIB00012722449,related spectra of 'rimantadine (delta mass:14.96)',CCMSLIB00000563621|CCMSLIB00000566331|CCMSLIB00000566347|CCMSLIB00000566351|CCMSLIB00000574056|CCMSLIB00005731441|CCMSLIB00005731570|CCMSLIB00005732527|CCMSLIB00005733302|CCMSLIB00005735868|CCMSLIB00010131280|CCMSLIB00010131281|CCMSLIB00010131282|CCMSLIB00010131284|CCMSLIB00010131285,14.96,89,Drug_analog|Low_confidence,rimantadine,influenza A M2 protein inhibitor,infectious disease,influenza A virus infection,antiviral|RNA synthesis inhibitor,UBCHPRBFMUDMNC-UHFFFAOYSA-N|UBCHPRBFMUDMNC-ULCLOTFOSA-N
14,CCMSLIB00012722449,14668,spectra_filtered.mgf,GNPS_Drug_Library_Spectra_Drug_Analogs.mgf,0.822426,234200000,0,0.234585,8,4.57764e-05,195.138,1,temp/spectra_filtered.mgf14668,1,related spectra of 'rimantadine (Delta Mass:14.96)',ESI,Orbitrap,Crude,Pieter Dorrestein,NinaZhao,M+H,195.138,0,1,N/A,N/A,N/A,N/A,N/A,3,Positive,GNPS-DRUG-ANALOG,195.138,UPDATE-SINGLE-ANNOTATED-BRONZE,Bronze,,N/A,N/A,N/A,N/A,N/A,N/A,N/A,N/A,N/A,mzspec:GNPS:GNPS-LIBRARY:CCMSLIB00012722449,related spectra of 'rimantadine (delta mass:14.96)',CCMSLIB00000563621|CCMSLIB00000566331|CCMSLIB00000566347|CCMSLIB00000566351|CCMSLIB00000574056|CCMSLIB00005731441|CCMSLIB00005731570|CCMSLIB00005732527|CCMSLIB00005733302|CCMSLIB00005735868|CCMSLIB00010131280|CCMSLIB00010131281|CCMSLIB00010131282|CCMSLIB00010131284|CCMSLIB00010131285,14.96,89,Drug_analog|Low_confidence,rimantadine,influenza A M2 protein inhibitor,infectious disease,influenza A virus infection,antiviral|RNA synthesis inhibitor,UBCHPRBFMUDMNC-UHFFFAOYSA-N|UBCHPRBFMUDMNC-ULCLOTFOSA-N
15,CCMSLIB00012722449,12930,spectra_filtered.mgf,GNPS_Drug_Library_Spectra_Drug_Analogs.mgf,0.854415,182100000,0,0.312779,8,6.10352e-05,195.138,1,temp/spectra_filtered.mgf12930,1,related spectra of 'rimantadine (Delta Mass:14.96)',ESI,Orbitrap,Crude,Pieter Dorrestein,NinaZhao,M+H,195.138,0,1,N/A,N/A,N/A,N/A,N/A,3,Positive,GNPS-DRUG-ANALOG,195.138,UPDATE-SINGLE-ANNOTATED-BRONZE,Bronze,,N/A,N/A,N/A,N/A,N/A,N/A,N/A,N/A,N/A,mzspec:GNPS:GNPS-LIBRARY:CCMSLIB00012722449,related spectra of 'rimantadine (delta mass:14.96)',CCMSLIB00000563621|CCMSLIB00000566331|CCMSLIB00000566347|CCMSLIB00000566351|CCMSLIB00000574056|CCMSLIB00005731441|CCMSLIB00005731570|CCMSLIB00005732527|CCMSLIB00005733302|CCMSLIB00005735868|CCMSLIB00010131280|CCMSLIB00010131281|CCMSLIB00010131282|CCMSLIB00010131284|CCMSLIB00010131285,14.96,89,Drug_analog|Low_confidence,rimantadine,influenza A M2 protein inhibitor,infectious disease,influenza A virus infection,antiviral|RNA synthesis inhibitor,UBCHPRBFMUDMNC-UHFFFAOYSA-N|UBCHPRBFMUDMNC-ULCLOTFOSA-N
16,CCMSLIB00012722449,16260,spectra_filtered.mgf,GNPS_Drug_Library_Spectra_Drug_Analogs.mgf,0.874775,64100000,0,0.312779,9,6.10352e-05,195.138,1,temp/spectra_filtered.mgf16260,1,related spectra of 'rimantadine (Delta Mass:14.96)',ESI,Orbitrap,Crude,Pieter Dorrestein,NinaZhao,M+H,195.138,0,1,N/A,N/A,N/A,N/A,N/A,3,Positive,GNPS-DRUG-ANALOG,195.138,UPDATE-SINGLE-ANNOTATED-BRONZE,Bronze,,N/A,N/A,N/A,N/A,N/A,N/A,N/A,N/A,N/A,mzspec:GNPS:GNPS-LIBRARY:CCMSLIB00012722449,related spectra of 'rimantadine (delta mass:14.96)',CCMSLIB00000563621|CCMSLIB00000566331|CCMSLIB00000566347|CCMSLIB00000566351|CCMSLIB00000574056|CCMSLIB00005731441|CCMSLIB00005731570|CCMSLIB00005732527|CCMSLIB00005733302|CCMSLIB00005735868|CCMSLIB00010131280|CCMSLIB00010131281|CCMSLIB00010131282|CCMSLIB00010131284|CCMSLIB00010131285,14.96,89,Drug_analog|Low_confidence,rimantadine,influenza A M2 protein inhibitor,infectious disease,influenza A virus infection,antiviral|RNA synthesis inhibitor,UBCHPRBFMUDMNC-UHFFFAOYSA-N|UBCHPRBFMUDMNC-ULCLOTFOSA-N
17,CCMSLIB00012722480,25740,spectra_filtered.mgf,GNPS_Drug_Library_Spectra_Drug_Analogs.mgf,0.884849,208470000,0,1.19043,4,0.000244141,205.086,1,temp/spectra_filtered.mgf25740,1,related spectra of 'ipriflavone (Delta Mass:-17.99)',ESI,Orbitrap,Crude,Pieter Dorrestein,NinaZhao,M+H,205.086,0,1,N/A,N/A,N/A,N/A,N/A,3,Positive,GNPS-DRUG-ANALOG,205.086,UPDATE-SINGLE-ANNOTATED-BRONZE,Bronze,,N/A,N/A,N/A,N/A,N/A,N/A,N/A,N/A,N/A,mzspec:GNPS:GNPS-LIBRARY:CCMSLIB00012722480,related spectra of 'ipriflavone (delta mass:-17.99)',CCMSLIB00004718106|CCMSLIB00005745607|CCMSLIB00005765302,-17.99,120,Drug_analog,ipriflavone,other drugs affecting bone structure and mineralization,endocrinology,osteoporosis,bone resorption inhibitor,VHBFFQKBGNRLFZ-UHFFFAOYSA-N
18,CCMSLIB00012722504,14477,spectra_filtered.mgf,GNPS_Drug_Library_Spectra_Drug_Analogs.mgf,0.819583,232570000,0,1.2461,9,0.000259399,208.17,1,temp/spectra_filtered.mgf14477,1,related spectra of 'rimantadine (Delta Mass:27.99)',ESI,Orbitrap,Crude,Pieter Dorrestein,NinaZhao,M+H,208.169,0,1,N/A,N/A,N/A,N/A,N/A,3,Positive,GNPS-DRUG-ANALOG,208.169,UPDATE-SINGLE-ANNOTATED-BRONZE,Bronze,,N/A,N/A,N/A,N/A,N/A,N/A,N/A,N/A,N/A,mzspec:GNPS:GNPS-LIBRARY:CCMSLIB00012722504,related spectra of 'rimantadine (delta mass:27.99)',CCMSLIB00000563621|CCMSLIB00000566347|CCMSLIB00000566351|CCMSLIB00000574056|CCMSLIB00005731441|CCMSLIB00005732527,27.99,144,Drug_analog|Low_confidence,rimantadine,influenza A M2 protein inhibitor,infectious disease,influenza A virus infection,antiviral|RNA synthesis inhibitor,UBCHPRBFMUDMNC-UHFFFAOYSA-N
19,CCMSLIB00012722513,13456,spectra_filtered.mgf,GNPS_Drug_Library_Spectra_Drug_Analogs.mgf,0.703266,6950000,0,0.431517,6,9.15527e-05,212.165,1,temp/spectra_filtered.mgf13456,1,related spectra of 'rimantadine (Delta Mass:31.99)',ESI,Orbitrap,Crude,Pieter Dorrestein,NinaZhao,M+H,212.165,0,1,N/A,N/A,N/A,N/A,N/A,3,Positive,GNPS-DRUG-ANALOG,212.165,UPDATE-SINGLE-ANNOTATED-BRONZE,Bronze,,N/A,N/A,N/A,N/A,N/A,N/A,N/A,N/A,N/A,mzspec:GNPS:GNPS-LIBRARY:CCMSLIB00012722513,related spectra of 'rimantadine (delta mass:31.99)',CCMSLIB00000563621|CCMSLIB00000566347|CCMSLIB00005732527,31.99,153,Drug_analog|Low_confidence,rimantadine,influenza A M2 protein inhibitor,infectious disease,influenza A virus infection,antiviral|RNA synthesis inhibitor,UBCHPRBFMUDMNC-UHFFFAOYSA-N
20,CCMSLIB00012722521,11020,spectra_filtered.mgf,GNPS_Drug_Library_Spectra_Drug_Analogs.mgf,0.749344,204700000,0,2.60027,8,0.000564575,217.123,1,temp/spectra_filtered.mgf11020,1,related spectra of 'parthenolide (Delta Mass:-14.02)',ESI,Orbitrap,Crude,Pieter Dorrestein,NinaZhao,M+H,217.122,0,1,N/A,N/A,N/A,N/A,N/A,3,Positive,GNPS-DRUG-ANALOG,217.122,UPDATE-SINGLE-ANNOTATED-BRONZE,Bronze,,N/A,N/A,N/A,N/A,N/A,N/A,N/A,N/A,N/A,mzspec:GNPS:GNPS-LIBRARY:CCMSLIB00012722521,related spectra of 'parthenolide (delta mass:-14.02)',CCMSLIB00010108898|CCMSLIB00010109636|CCMSLIB00010120238,-14.02,161,Drug_analog|Low_confidence,parthenolide,no_match,NA,NA,NFkB pathway inhibitor,KTEXNACQROZXEV-PVLRGYAZSA-N
21,CCMSLIB00012722538,8874,spectra_filtered.mgf,GNPS_Drug_Library_Spectra_Drug_Analogs.mgf,0.777568,928900000,0,2.01964,6,0.000442505,219.102,1,temp/spectra_filtered.mgf8874,1,related spectra of 'parthenolide (Delta Mass:-12.04)',ESI,Orbitrap,Crude,Pieter Dorrestein,NinaZhao,M+H,219.101,0,1,N/A,N/A,N/A,N/A,N/A,3,Positive,GNPS-DRUG-ANALOG,219.101,UPDATE-SINGLE-ANNOTATED-BRONZE,Bronze,,N/A,N/A,N/A,N/A,N/A,N/A,N/A,N/A,N/A,mzspec:GNPS:GNPS-LIBRARY:CCMSLIB00012722538,related spectra of 'parthenolide (delta mass:-12.04)',CCMSLIB00010108898|CCMSLIB00010109636|CCMSLIB00010120238|CCMSLIB00010120978,-12.04,178,Drug_analog|Low_confidence,parthenolide,no_match,NA,NA,NFkB pathway inhibitor,KTEXNACQROZXEV-PVLRGYAZSA-N
22,CCMSLIB00012722538,7119,spectra_filtered.mgf,GNPS_Drug_Library_Spectra_Drug_Analogs.mgf,0.777923,423200000,0,2.01964,6,0.000442505,219.102,1,temp/spectra_filtered.mgf7119,1,related spectra of 'parthenolide (Delta Mass:-12.04)',ESI,Orbitrap,Crude,Pieter Dorrestein,NinaZhao,M+H,219.101,0,1,N/A,N/A,N/A,N/A,N/A,3,Positive,GNPS-DRUG-ANALOG,219.101,UPDATE-SINGLE-ANNOTATED-BRONZE,Bronze,,N/A,N/A,N/A,N/A,N/A,N/A,N/A,N/A,N/A,mzspec:GNPS:GNPS-LIBRARY:CCMSLIB00012722538,related spectra of 'parthenolide (delta mass:-12.04)',CCMSLIB00010108898|CCMSLIB00010109636|CCMSLIB00010120238|CCMSLIB00010120978,-12.04,178,Drug_analog|Low_confidence,parthenolide,no_match,NA,NA,NFkB pathway inhibitor,KTEXNACQROZXEV-PVLRGYAZSA-N
23,CCMSLIB00012722538,8476,spectra_filtered.mgf,GNPS_Drug_Library_Spectra_Drug_Analogs.mgf,0.792668,508200000,0,2.01964,6,0.000442505,219.102,1,temp/spectra_filtered.mgf8476,1,related spectra of 'parthenolide (Delta Mass:-12.04)',ESI,Orbitrap,Crude,Pieter Dorrestein,NinaZhao,M+H,219.101,0,1,N/A,N/A,N/A,N/A,N/A,3,Positive,GNPS-DRUG-ANALOG,219.101,UPDATE-SINGLE-ANNOTATED-BRONZE,Bronze,,N/A,N/A,N/A,N/A,N/A,N/A,N/A,N/A,N/A,mzspec:GNPS:GNPS-LIBRARY:CCMSLIB00012722538,related spectra of 'parthenolide (delta mass:-12.04)',CCMSLIB00010108898|CCMSLIB00010109636|CCMSLIB00010120238|CCMSLIB00010120978,-12.04,178,Drug_analog|Low_confidence,parthenolide,no_match,NA,NA,NFkB pathway inhibitor,KTEXNACQROZXEV-PVLRGYAZSA-N
24,CCMSLIB00012722538,8012,spectra_filtered.mgf,GNPS_Drug_Library_Spectra_Drug_Analogs.mgf,0.759878,933600000,0,2.01964,5,0.000442505,219.102,1,temp/spectra_filtered.mgf8012,1,related spectra of 'parthenolide (Delta Mass:-12.04)',ESI,Orbitrap,Crude,Pieter Dorrestein,NinaZhao,M+H,219.101,0,1,N/A,N/A,N/A,N/A,N/A,3,Positive,GNPS-DRUG-ANALOG,219.101,UPDATE-SINGLE-ANNOTATED-BRONZE,Bronze,,N/A,N/A,N/A,N/A,N/A,N/A,N/A,N/A,N/A,mzspec:GNPS:GNPS-LIBRARY:CCMSLIB00012722538,related spectra of 'parthenolide (delta mass:-12.04)',CCMSLIB00010108898|CCMSLIB00010109636|CCMSLIB00010120238|CCMSLIB00010120978,-12.04,178,Drug_analog|Low_confidence,parthenolide,no_match,NA,NA,NFkB pathway inhibitor,KTEXNACQROZXEV-PVLRGYAZSA-N
25,CCMSLIB00012722538,11162,spectra_filtered.mgf,GNPS_Drug_Library_Spectra_Drug_Analogs.mgf,0.761877,869700000,0,2.01964,5,0.000442505,219.102,1,temp/spectra_filtered.mgf11162,1,related spectra of 'parthenolide (Delta Mass:-12.04)',ESI,Orbitrap,Crude,Pieter Dorrestein,NinaZhao,M+H,219.101,0,1,N/A,N/A,N/A,N/A,N/A,3,Positive,GNPS-DRUG-ANALOG,219.101,UPDATE-SINGLE-ANNOTATED-BRONZE,Bronze,,N/A,N/A,N/A,N/A,N/A,N/A,N/A,N/A,N/A,mzspec:GNPS:GNPS-LIBRARY:CCMSLIB00012722538,related spectra of 'parthenolide (delta mass:-12.04)',CCMSLIB00010108898|CCMSLIB00010109636|CCMSLIB00010120238|CCMSLIB00010120978,-12.04,178,Drug_analog|Low_confidence,parthenolide,no_match,NA,NA,NFkB pathway inhibitor,KTEXNACQROZXEV-PVLRGYAZSA-N
26,CCMSLIB00012722558,11994,spectra_filtered.mgf,GNPS_Drug_Library_Spectra_Drug_Analogs.mgf,0.700287,2.44e+08,0,2.85486,6,0.00062561,219.138,1,temp/spectra_filtered.mgf11994,1,related spectra of 'parthenolide (Delta Mass:-12.0)',ESI,Orbitrap,Crude,Pieter Dorrestein,NinaZhao,M+H,219.139,0,1,N/A,N/A,N/A,N/A,N/A,3,Positive,GNPS-DRUG-ANALOG,219.139,UPDATE-SINGLE-ANNOTATED-BRONZE,Bronze,,N/A,N/A,N/A,N/A,N/A,N/A,N/A,N/A,N/A,mzspec:GNPS:GNPS-LIBRARY:CCMSLIB00012722558,related spectra of 'parthenolide (delta mass:-12.0)',CCMSLIB00010108898,-12,198,Drug_analog|Low_confidence,parthenolide,no_match,NA,NA,NFkB pathway inhibitor,KTEXNACQROZXEV-PVLRGYAZSA-N
27,CCMSLIB00012722583,23292,spectra_filtered.mgf,GNPS_Drug_Library_Spectra_Drug_Analogs.mgf,0.767489,823500000,0,0.0677675,10,1.52588e-05,225.164,1,temp/spectra_filtered.mgf23292,1,related spectra of 'dydrogesterone (Delta Mass:-88.05)',ESI,Orbitrap,Crude,Pieter Dorrestein,NinaZhao,M+H,225.164,0,1,N/A,N/A,N/A,N/A,N/A,3,Positive,GNPS-DRUG-ANALOG,225.164,UPDATE-SINGLE-ANNOTATED-BRONZE,Bronze,,N/A,N/A,N/A,N/A,N/A,N/A,N/A,N/A,N/A,mzspec:GNPS:GNPS-LIBRARY:CCMSLIB00012722583,related spectra of 'dydrogesterone (delta mass:-88.05)',CCMSLIB00005774596,-88.05,223,Drug_analog,dydrogesterone,progestin,obstetrics/gynecology,infertility,progesterone receptor agonist,JGMOKGBVKVMRFX-HQZYFCCVSA-N
28,CCMSLIB00012722583,22366,spectra_filtered.mgf,GNPS_Drug_Library_Spectra_Drug_Analogs.mgf,0.777732,1.871e+09,0,0.0677675,10,1.52588e-05,225.164,1,temp/spectra_filtered.mgf22366,1,related spectra of 'dydrogesterone (Delta Mass:-88.05)',ESI,Orbitrap,Crude,Pieter Dorrestein,NinaZhao,M+H,225.164,0,1,N/A,N/A,N/A,N/A,N/A,3,Positive,GNPS-DRUG-ANALOG,225.164,UPDATE-SINGLE-ANNOTATED-BRONZE,Bronze,,N/A,N/A,N/A,N/A,N/A,N/A,N/A,N/A,N/A,mzspec:GNPS:GNPS-LIBRARY:CCMSLIB00012722583,related spectra of 'dydrogesterone (delta mass:-88.05)',CCMSLIB00005774596,-88.05,223,Drug_analog,dydrogesterone,progestin,obstetrics/gynecology,infertility,progesterone receptor agonist,JGMOKGBVKVMRFX-HQZYFCCVSA-N
29,CCMSLIB00012722725,15425,spectra_filtered.mgf,GNPS_Drug_Library_Spectra_Drug_Analogs.mgf,0.762172,438600000,0,1.33647,10,0.000335693,251.18,1,temp/spectra_filtered.mgf15425,1,"""related spectra of 'enzacamene (Delta Mass:-3.99)', '4-methylbenzylidene camphor (Delta Mass:-4.0)', '4-methylbenzylidene camphor (Delta Mass:-3.99)'""",ESI,Orbitrap,Crude,Pieter Dorrestein,NinaZhao,M+H,251.179,0,1,N/A,N/A,N/A,N/A,N/A,3,Positive,GNPS-DRUG-ANALOG,251.179,UPDATE-SINGLE-ANNOTATED-BRONZE,Bronze,,N/A,N/A,N/A,N/A,N/A,N/A,N/A,N/A,N/A,mzspec:GNPS:GNPS-LIBRARY:CCMSLIB00012722725,"related spectra of 'enzacamene (delta mass:-3.99)', '4-methylbenzylidene camphor (delta mass:-4.0)', '4-methylbenzylidene camphor (delta mass:-3.99)'",CCMSLIB00005777228|CCMSLIB00010132866,-3.99,365,Drug_analog,enzacamene|4-methylbenzylidene camphor,no_match,dermatology,sunscreen lotion,endocrine disruptor,HEOCBCNFKCOKBX-UHFFFAOYSA-N|HEOCBCNFKCOKBX-KAMYIIQDSA-N
30,CCMSLIB00012722737,20451,spectra_filtered.mgf,GNPS_Drug_Library_Spectra_Drug_Analogs.mgf,0.720762,441600000,0,1.92848,8,0.000488281,253.195,1,temp/spectra_filtered.mgf20451,1,"""related spectra of '4-methylbenzylidene camphor (Delta Mass:-1.98)', 'enzacamene (Delta Mass:-1.98)'""",ESI,Orbitrap,Crude,Pieter Dorrestein,NinaZhao,M+H,253.195,0,1,N/A,N/A,N/A,N/A,N/A,3,Positive,GNPS-DRUG-ANALOG,253.195,UPDATE-SINGLE-ANNOTATED-BRONZE,Bronze,,N/A,N/A,N/A,N/A,N/A,N/A,N/A,N/A,N/A,mzspec:GNPS:GNPS-LIBRARY:CCMSLIB00012722737,"related spectra of '4-methylbenzylidene camphor (delta mass:-1.98)', 'enzacamene (delta mass:-1.98)'",CCMSLIB00005777228|CCMSLIB00010132866|CCMSLIB00010132867,-1.98,377,Drug_analog,enzacamene|4-methylbenzylidene camphor,no_match,dermatology,sunscreen lotion,endocrine disruptor,HEOCBCNFKCOKBX-UHFFFAOYSA-N|HEOCBCNFKCOKBX-KAMYIIQDSA-N
31,CCMSLIB00012722751,18144,spectra_filtered.mgf,GNPS_Drug_Library_Spectra_Drug_Analogs.mgf,0.828036,759600000,0,2.13615,8,0.000549316,257.154,1,temp/spectra_filtered.mgf18144,1,related spectra of 'enzacamene (Delta Mass:1.98)',ESI,Orbitrap,Crude,Pieter Dorrestein,NinaZhao,M+H,257.153,0,1,N/A,N/A,N/A,N/A,N/A,3,Positive,GNPS-DRUG-ANALOG,257.153,UPDATE-SINGLE-ANNOTATED-BRONZE,Bronze,,N/A,N/A,N/A,N/A,N/A,N/A,N/A,N/A,N/A,mzspec:GNPS:GNPS-LIBRARY:CCMSLIB00012722751,related spectra of 'enzacamene (delta mass:1.98)',CCMSLIB00005774462,1.98,391,Drug_analog,enzacamene,no_match,dermatology,sunscreen lotion,endocrine disruptor,HEOCBCNFKCOKBX-UHFFFAOYSA-N
32,CCMSLIB00012722751,19532,spectra_filtered.mgf,GNPS_Drug_Library_Spectra_Drug_Analogs.mgf,0.824184,1.259e+09,0,2.13615,8,0.000549316,257.154,1,temp/spectra_filtered.mgf19532,1,related spectra of 'enzacamene (Delta Mass:1.98)',ESI,Orbitrap,Crude,Pieter Dorrestein,NinaZhao,M+H,257.153,0,1,N/A,N/A,N/A,N/A,N/A,3,Positive,GNPS-DRUG-ANALOG,257.153,UPDATE-SINGLE-ANNOTATED-BRONZE,Bronze,,N/A,N/A,N/A,N/A,N/A,N/A,N/A,N/A,N/A,mzspec:GNPS:GNPS-LIBRARY:CCMSLIB00012722751,related spectra of 'enzacamene (delta mass:1.98)',CCMSLIB00005774462,1.98,391,Drug_analog,enzacamene,no_match,dermatology,sunscreen lotion,endocrine disruptor,HEOCBCNFKCOKBX-UHFFFAOYSA-N
33,CCMSLIB00012722761,15703,spectra_filtered.mgf,GNPS_Drug_Library_Spectra_Drug_Analogs.mgf,0.768057,281400000,0,4.47458,8,0.00115967,259.169,1,temp/spectra_filtered.mgf15703,1,related spectra of 'parthenolide (Delta Mass:28.03)',ESI,Orbitrap,Crude,Pieter Dorrestein,NinaZhao,M+H,259.168,0,1,N/A,N/A,N/A,N/A,N/A,3,Positive,GNPS-DRUG-ANALOG,259.168,UPDATE-SINGLE-ANNOTATED-BRONZE,Bronze,,N/A,N/A,N/A,N/A,N/A,N/A,N/A,N/A,N/A,mzspec:GNPS:GNPS-LIBRARY:CCMSLIB00012722761,related spectra of 'parthenolide (delta mass:28.03)',CCMSLIB00010108898|CCMSLIB00010109636|CCMSLIB00010120238|CCMSLIB00010120978,28.03,401,Drug_analog|Low_confidence,parthenolide,no_match,NA,NA,NFkB pathway inhibitor,KTEXNACQROZXEV-PVLRGYAZSA-N
34,CCMSLIB00012722761,16358,spectra_filtered.mgf,GNPS_Drug_Library_Spectra_Drug_Analogs.mgf,0.731274,231200000,0,4.47458,8,0.00115967,259.169,1,temp/spectra_filtered.mgf16358,1,related spectra of 'parthenolide (Delta Mass:28.03)',ESI,Orbitrap,Crude,Pieter Dorrestein,NinaZhao,M+H,259.168,0,1,N/A,N/A,N/A,N/A,N/A,3,Positive,GNPS-DRUG-ANALOG,259.168,UPDATE-SINGLE-ANNOTATED-BRONZE,Bronze,,N/A,N/A,N/A,N/A,N/A,N/A,N/A,N/A,N/A,mzspec:GNPS:GNPS-LIBRARY:CCMSLIB00012722761,related spectra of 'parthenolide (delta mass:28.03)',CCMSLIB00010108898|CCMSLIB00010109636|CCMSLIB00010120238|CCMSLIB00010120978,28.03,401,Drug_analog|Low_confidence,parthenolide,no_match,NA,NA,NFkB pathway inhibitor,KTEXNACQROZXEV-PVLRGYAZSA-N
35,CCMSLIB00012722764,14473,spectra_filtered.mgf,GNPS_Drug_Library_Spectra_Drug_Analogs.mgf,0.726521,296700000,0,0.588757,9,0.000152588,259.169,1,temp/spectra_filtered.mgf14473,1,related spectra of 'parthenolide (Delta Mass:28.03)',ESI,Orbitrap,Crude,Pieter Dorrestein,NinaZhao,M+H,259.169,0,1,N/A,N/A,N/A,N/A,N/A,3,Positive,GNPS-DRUG-ANALOG,259.169,UPDATE-SINGLE-ANNOTATED-BRONZE,Bronze,,N/A,N/A,N/A,N/A,N/A,N/A,N/A,N/A,N/A,mzspec:GNPS:GNPS-LIBRARY:CCMSLIB00012722764,related spectra of 'parthenolide (delta mass:28.03)',CCMSLIB00010108898|CCMSLIB00010109636|CCMSLIB00010120238|CCMSLIB00010120978,28.03,404,Drug_analog|Low_confidence,parthenolide,no_match,NA,NA,NFkB pathway inhibitor,KTEXNACQROZXEV-PVLRGYAZSA-N
36,CCMSLIB00012722785,16468,spectra_filtered.mgf,GNPS_Drug_Library_Spectra_Drug_Analogs.mgf,0.707888,720600000,0,0.350479,7,9.15527e-05,261.221,1,temp/spectra_filtered.mgf16468,1,related spectra of 'methyltestosterone (Delta Mass:-42.01)',ESI,Orbitrap,Crude,Pieter Dorrestein,NinaZhao,M+H,261.221,0,1,N/A,N/A,N/A,N/A,N/A,3,Positive,GNPS-DRUG-ANALOG,261.221,UPDATE-SINGLE-ANNOTATED-BRONZE,Bronze,,N/A,N/A,N/A,N/A,N/A,N/A,N/A,N/A,N/A,mzspec:GNPS:GNPS-LIBRARY:CCMSLIB00012722785,related spectra of 'methyltestosterone (delta mass:-42.01)',CCMSLIB00005777031,-42.01,425,Drug_analog|Low_confidence,methyltestosterone,androgen,endocrinology|oncology,hypogonadism|breast cancer,androgen receptor agonist,GCKMFJBGXUYNAG-HLXURNFRSA-N
37,CCMSLIB00012722861,13989,spectra_filtered.mgf,GNPS_Drug_Library_Spectra_Drug_Analogs.mgf,0.710041,459800000,0,1.4416,5,0.000396729,275.201,1,temp/spectra_filtered.mgf13989,1,related spectra of 'methyltestosterone (Delta Mass:-28.03)',ESI,Orbitrap,Crude,Pieter Dorrestein,NinaZhao,M+H,275.2,0,1,N/A,N/A,N/A,N/A,N/A,3,Positive,GNPS-DRUG-ANALOG,275.2,UPDATE-SINGLE-ANNOTATED-BRONZE,Bronze,,N/A,N/A,N/A,N/A,N/A,N/A,N/A,N/A,N/A,mzspec:GNPS:GNPS-LIBRARY:CCMSLIB00012722861,related spectra of 'methyltestosterone (delta mass:-28.03)',CCMSLIB00005777031,-28.03,501,Drug_analog|Low_confidence,methyltestosterone,androgen,endocrinology|oncology,hypogonadism|breast cancer,androgen receptor agonist,GCKMFJBGXUYNAG-HLXURNFRSA-N
38,CCMSLIB00012722942,24879,spectra_filtered.mgf,GNPS_Drug_Library_Spectra_Drug_Analogs.mgf,0.801517,208500000,0,2.94001,10,0.000823975,280.263,1,temp/spectra_filtered.mgf24879,1,related spectra of 'perhexiline (Delta Mass:1.98)',ESI,Orbitrap,Crude,Pieter Dorrestein,NinaZhao,M+H,280.263,0,1,N/A,N/A,N/A,N/A,N/A,3,Positive,GNPS-DRUG-ANALOG,280.263,UPDATE-SINGLE-ANNOTATED-BRONZE,Bronze,,N/A,N/A,N/A,N/A,N/A,N/A,N/A,N/A,N/A,mzspec:GNPS:GNPS-LIBRARY:CCMSLIB00012722942,related spectra of 'perhexiline (delta mass:1.98)',CCMSLIB00010145792|CCMSLIB00010145795,1.98,582,Drug_analog|Low_confidence,perhexiline,other non-selective calcium channel blockers,cardiology,angina pectoris,carnitine palmitoyltransferase inhibitor,CYXKNKQEMFBLER-UHFFFAOYSA-N
39,CCMSLIB00012722942,21699,spectra_filtered.mgf,GNPS_Drug_Library_Spectra_Drug_Analogs.mgf,0.84182,207400000,0,2.94001,10,0.000823975,280.263,1,temp/spectra_filtered.mgf21699,1,related spectra of 'perhexiline (Delta Mass:1.98)',ESI,Orbitrap,Crude,Pieter Dorrestein,NinaZhao,M+H,280.263,0,1,N/A,N/A,N/A,N/A,N/A,3,Positive,GNPS-DRUG-ANALOG,280.263,UPDATE-SINGLE-ANNOTATED-BRONZE,Bronze,,N/A,N/A,N/A,N/A,N/A,N/A,N/A,N/A,N/A,mzspec:GNPS:GNPS-LIBRARY:CCMSLIB00012722942,related spectra of 'perhexiline (delta mass:1.98)',CCMSLIB00010145792|CCMSLIB00010145795,1.98,582,Drug_analog|Low_confidence,perhexiline,other non-selective calcium channel blockers,cardiology,angina pectoris,carnitine palmitoyltransferase inhibitor,CYXKNKQEMFBLER-UHFFFAOYSA-N
40,CCMSLIB00012722942,21139,spectra_filtered.mgf,GNPS_Drug_Library_Spectra_Drug_Analogs.mgf,0.793104,240500000,0,2.94001,10,0.000823975,280.263,1,temp/spectra_filtered.mgf21139,1,related spectra of 'perhexiline (Delta Mass:1.98)',ESI,Orbitrap,Crude,Pieter Dorrestein,NinaZhao,M+H,280.263,0,1,N/A,N/A,N/A,N/A,N/A,3,Positive,GNPS-DRUG-ANALOG,280.263,UPDATE-SINGLE-ANNOTATED-BRONZE,Bronze,,N/A,N/A,N/A,N/A,N/A,N/A,N/A,N/A,N/A,mzspec:GNPS:GNPS-LIBRARY:CCMSLIB00012722942,related spectra of 'perhexiline (delta mass:1.98)',CCMSLIB00010145792|CCMSLIB00010145795,1.98,582,Drug_analog|Low_confidence,perhexiline,other non-selective calcium channel blockers,cardiology,angina pectoris,carnitine palmitoyltransferase inhibitor,CYXKNKQEMFBLER-UHFFFAOYSA-N
41,CCMSLIB00012722942,24526,spectra_filtered.mgf,GNPS_Drug_Library_Spectra_Drug_Analogs.mgf,0.840148,86950000,0,2.94001,10,0.000823975,280.263,1,temp/spectra_filtered.mgf24526,1,related spectra of 'perhexiline (Delta Mass:1.98)',ESI,Orbitrap,Crude,Pieter Dorrestein,NinaZhao,M+H,280.263,0,1,N/A,N/A,N/A,N/A,N/A,3,Positive,GNPS-DRUG-ANALOG,280.263,UPDATE-SINGLE-ANNOTATED-BRONZE,Bronze,,N/A,N/A,N/A,N/A,N/A,N/A,N/A,N/A,N/A,mzspec:GNPS:GNPS-LIBRARY:CCMSLIB00012722942,related spectra of 'perhexiline (delta mass:1.98)',CCMSLIB00010145792|CCMSLIB00010145795,1.98,582,Drug_analog|Low_confidence,perhexiline,other non-selective calcium channel blockers,cardiology,angina pectoris,carnitine palmitoyltransferase inhibitor,CYXKNKQEMFBLER-UHFFFAOYSA-N
42,CCMSLIB00012722942,20643,spectra_filtered.mgf,GNPS_Drug_Library_Spectra_Drug_Analogs.mgf,0.748714,188550000,0,2.61334,9,0.000732422,280.263,1,temp/spectra_filtered.mgf20643,1,related spectra of 'perhexiline (Delta Mass:1.98)',ESI,Orbitrap,Crude,Pieter Dorrestein,NinaZhao,M+H,280.263,0,1,N/A,N/A,N/A,N/A,N/A,3,Positive,GNPS-DRUG-ANALOG,280.263,UPDATE-SINGLE-ANNOTATED-BRONZE,Bronze,,N/A,N/A,N/A,N/A,N/A,N/A,N/A,N/A,N/A,mzspec:GNPS:GNPS-LIBRARY:CCMSLIB00012722942,related spectra of 'perhexiline (delta mass:1.98)',CCMSLIB00010145792|CCMSLIB00010145795,1.98,582,Drug_analog|Low_confidence,perhexiline,other non-selective calcium channel blockers,cardiology,angina pectoris,carnitine palmitoyltransferase inhibitor,CYXKNKQEMFBLER-UHFFFAOYSA-N
43,CCMSLIB00012722942,22383,spectra_filtered.mgf,GNPS_Drug_Library_Spectra_Drug_Analogs.mgf,0.816709,85070000,0,3.37557,10,0.000946045,280.264,1,temp/spectra_filtered.mgf22383,1,related spectra of 'perhexiline (Delta Mass:1.98)',ESI,Orbitrap,Crude,Pieter Dorrestein,NinaZhao,M+H,280.263,0,1,N/A,N/A,N/A,N/A,N/A,3,Positive,GNPS-DRUG-ANALOG,280.263,UPDATE-SINGLE-ANNOTATED-BRONZE,Bronze,,N/A,N/A,N/A,N/A,N/A,N/A,N/A,N/A,N/A,mzspec:GNPS:GNPS-LIBRARY:CCMSLIB00012722942,related spectra of 'perhexiline (delta mass:1.98)',CCMSLIB00010145792|CCMSLIB00010145795,1.98,582,Drug_analog|Low_confidence,perhexiline,other non-selective calcium channel blockers,cardiology,angina pectoris,carnitine palmitoyltransferase inhibitor,CYXKNKQEMFBLER-UHFFFAOYSA-N
44,CCMSLIB00012722942,22012,spectra_filtered.mgf,GNPS_Drug_Library_Spectra_Drug_Analogs.mgf,0.776287,2.65e+08,0,3.37557,9,0.000946045,280.264,1,temp/spectra_filtered.mgf22012,1,related spectra of 'perhexiline (Delta Mass:1.98)',ESI,Orbitrap,Crude,Pieter Dorrestein,NinaZhao,M+H,280.263,0,1,N/A,N/A,N/A,N/A,N/A,3,Positive,GNPS-DRUG-ANALOG,280.263,UPDATE-SINGLE-ANNOTATED-BRONZE,Bronze,,N/A,N/A,N/A,N/A,N/A,N/A,N/A,N/A,N/A,mzspec:GNPS:GNPS-LIBRARY:CCMSLIB00012722942,related spectra of 'perhexiline (delta mass:1.98)',CCMSLIB00010145792|CCMSLIB00010145795,1.98,582,Drug_analog|Low_confidence,perhexiline,other non-selective calcium channel blockers,cardiology,angina pectoris,carnitine palmitoyltransferase inhibitor,CYXKNKQEMFBLER-UHFFFAOYSA-N
45,CCMSLIB00012722943,27947,spectra_filtered.mgf,GNPS_Drug_Library_Spectra_Drug_Analogs.mgf,0.752105,118320000,0,2.61334,8,0.000732422,280.263,1,temp/spectra_filtered.mgf27947,1,related spectra of 'perhexiline (Delta Mass:1.98)',ESI,Orbitrap,Crude,Pieter Dorrestein,NinaZhao,M+H,280.263,0,1,N/A,N/A,N/A,N/A,N/A,3,Positive,GNPS-DRUG-ANALOG,280.263,UPDATE-SINGLE-ANNOTATED-BRONZE,Bronze,,N/A,N/A,N/A,N/A,N/A,N/A,N/A,N/A,N/A,mzspec:GNPS:GNPS-LIBRARY:CCMSLIB00012722943,related spectra of 'perhexiline (delta mass:1.98)',CCMSLIB00010145792|CCMSLIB00010145795,1.98,583,Drug_analog|Low_confidence,perhexiline,other non-selective calcium channel blockers,cardiology,angina pectoris,carnitine palmitoyltransferase inhibitor,CYXKNKQEMFBLER-UHFFFAOYSA-N
46,CCMSLIB00012722950,27475,spectra_filtered.mgf,GNPS_Drug_Library_Spectra_Drug_Analogs.mgf,0.776482,4.51e+08,0,0.653333,9,0.000183105,280.263,1,temp/spectra_filtered.mgf27475,1,related spectra of 'perhexiline (Delta Mass:1.98)',ESI,Orbitrap,Crude,Pieter Dorrestein,NinaZhao,M+H,280.264,0,1,N/A,N/A,N/A,N/A,N/A,3,Positive,GNPS-DRUG-ANALOG,280.264,UPDATE-SINGLE-ANNOTATED-BRONZE,Bronze,,N/A,N/A,N/A,N/A,N/A,N/A,N/A,N/A,N/A,mzspec:GNPS:GNPS-LIBRARY:CCMSLIB00012722950,related spectra of 'perhexiline (delta mass:1.98)',CCMSLIB00010145792|CCMSLIB00010145795,1.98,590,Drug_analog|Low_confidence,perhexiline,other non-selective calcium channel blockers,cardiology,angina pectoris,carnitine palmitoyltransferase inhibitor,CYXKNKQEMFBLER-UHFFFAOYSA-N
47,CCMSLIB00012722950,27705,spectra_filtered.mgf,GNPS_Drug_Library_Spectra_Drug_Analogs.mgf,0.73866,247100000,0,0.979999,8,0.000274658,280.263,1,temp/spectra_filtered.mgf27705,1,related spectra of 'perhexiline (Delta Mass:1.98)',ESI,Orbitrap,Crude,Pieter Dorrestein,NinaZhao,M+H,280.264,0,1,N/A,N/A,N/A,N/A,N/A,3,Positive,GNPS-DRUG-ANALOG,280.264,UPDATE-SINGLE-ANNOTATED-BRONZE,Bronze,,N/A,N/A,N/A,N/A,N/A,N/A,N/A,N/A,N/A,mzspec:GNPS:GNPS-LIBRARY:CCMSLIB00012722950,related spectra of 'perhexiline (delta mass:1.98)',CCMSLIB00010145792|CCMSLIB00010145795,1.98,590,Drug_analog|Low_confidence,perhexiline,other non-selective calcium channel blockers,cardiology,angina pectoris,carnitine palmitoyltransferase inhibitor,CYXKNKQEMFBLER-UHFFFAOYSA-N
48,CCMSLIB00012722980,3233,spectra_filtered.mgf,GNPS_Drug_Library_Spectra_Drug_Analogs.mgf,0.756197,176840000,0,1.28863,8,0.000366211,284.186,1,temp/spectra_filtered.mgf3233,1,related spectra of 'bisoprolol (Delta Mass:-42.05)',ESI,Orbitrap,Crude,Pieter Dorrestein,NinaZhao,M+H,284.185,0,1,N/A,N/A,N/A,N/A,N/A,3,Positive,GNPS-DRUG-ANALOG,284.185,UPDATE-SINGLE-ANNOTATED-BRONZE,Bronze,,N/A,N/A,N/A,N/A,N/A,N/A,N/A,N/A,N/A,mzspec:GNPS:GNPS-LIBRARY:CCMSLIB00012722980,related spectra of 'bisoprolol (delta mass:-42.05)',CCMSLIB00000572544|CCMSLIB00000579596|CCMSLIB00000841913|CCMSLIB00005735825|CCMSLIB00005775224|CCMSLIB00010146744|CCMSLIB00010146745|CCMSLIB00010146747|CCMSLIB00010146750,-42.05,620,Drug_analog,bisoprolol|bisoprolol,beta-adrenergic receptor inhibitor,cardiology,hypertension,adrenergic receptor antagonist,VHYCDWMUTMEGQY-UHFFFAOYSA-N
49,CCMSLIB00012723256,2709,spectra_filtered.mgf,GNPS_Drug_Library_Spectra_Drug_Analogs.mgf,0.888296,389700000,0,1.68927,9,0.000518799,307.114,1,temp/spectra_filtered.mgf2709,1,related spectra of 'edetic acid (Delta Mass:14.02)',ESI,Orbitrap,Crude,Pieter Dorrestein,NinaZhao,M+H,307.114,0,1,N/A,N/A,N/A,N/A,N/A,3,Positive,GNPS-DRUG-ANALOG,307.114,UPDATE-SINGLE-ANNOTATED-BRONZE,Bronze,,N/A,N/A,N/A,N/A,N/A,N/A,N/A,N/A,N/A,mzspec:GNPS:GNPS-LIBRARY:CCMSLIB00012723256,related spectra of 'edetic acid (delta mass:14.02)',CCMSLIB00006113816|CCMSLIB00006113818|CCMSLIB00006113819|CCMSLIB00006113821|CCMSLIB00006113822,14.02,896,Drug_analog|Background/QAQC,edta,lead chelator|anticoagulant,critical care,metal toxicity,chelating agent,KCXVZYZYPLLWCC-UHFFFAOYSA-N
50,CCMSLIB00012723256,1365,spectra_filtered.mgf,GNPS_Drug_Library_Spectra_Drug_Analogs.mgf,0.964097,498310000,0,0.894321,9,0.000274658,307.113,1,temp/spectra_filtered.mgf1365,1,related spectra of 'edetic acid (Delta Mass:14.02)',ESI,Orbitrap,Crude,Pieter Dorrestein,NinaZhao,M+H,307.114,0,1,N/A,N/A,N/A,N/A,N/A,3,Positive,GNPS-DRUG-ANALOG,307.114,UPDATE-SINGLE-ANNOTATED-BRONZE,Bronze,,N/A,N/A,N/A,N/A,N/A,N/A,N/A,N/A,N/A,mzspec:GNPS:GNPS-LIBRARY:CCMSLIB00012723256,related spectra of 'edetic acid (delta mass:14.02)',CCMSLIB00006113816|CCMSLIB00006113818|CCMSLIB00006113819|CCMSLIB00006113821|CCMSLIB00006113822,14.02,896,Drug_analog|Background/QAQC,edta,lead chelator|anticoagulant,critical care,metal toxicity,chelating agent,KCXVZYZYPLLWCC-UHFFFAOYSA-N
51,CCMSLIB00012724129,29289,spectra_filtered.mgf,GNPS_Drug_Library_Spectra_Drug_Analogs.mgf,0.76193,50260000,0,1.58519,5,0.000762939,481.293,1,temp/spectra_filtered.mgf29289,1,related spectra of 'betamethasone valerate (Delta Mass:4.03)',ESI,Orbitrap,Crude,Pieter Dorrestein,NinaZhao,M+H,481.292,0,1,N/A,N/A,N/A,N/A,N/A,3,Positive,GNPS-DRUG-ANALOG,481.292,UPDATE-SINGLE-ANNOTATED-BRONZE,Bronze,,N/A,N/A,N/A,N/A,N/A,N/A,N/A,N/A,N/A,mzspec:GNPS:GNPS-LIBRARY:CCMSLIB00012724129,related spectra of 'betamethasone valerate (delta mass:4.03)',CCMSLIB00005773981,4.03,1769,Drug_analog,betamethasone valerate,corticosteroid,dermatology,corticosteroid-responsive dermatoses|eczema|psoriasis,glucocorticoid receptor agonist,SNHRLVCMMWUAJD-UHFFFAOYSA-N
52,CCMSLIB00012724301,35320,spectra_filtered.mgf,GNPS_Drug_Library_Spectra_Drug_Analogs.mgf,0.816525,54500000,0,5.12301,13,0.00341797,667.177,1,temp/spectra_filtered.mgf35320,1,related spectra of 'acarbose (Delta Mass:-17.03)',ESI,Orbitrap,Crude,Pieter Dorrestein,NinaZhao,M+H,667.18,0,1,N/A,N/A,N/A,N/A,N/A,3,Positive,GNPS-DRUG-ANALOG,667.18,UPDATE-SINGLE-ANNOTATED-BRONZE,Bronze,,N/A,N/A,N/A,N/A,N/A,N/A,N/A,N/A,N/A,mzspec:GNPS:GNPS-LIBRARY:CCMSLIB00012724301,related spectra of 'acarbose (delta mass:-17.03)',CCMSLIB00004721671|CCMSLIB00004721672,-17.03,1941,Drug_analog,acarbose,alpha glucosidase inhibitor,endocrinology,type 2 diabetes mellitus,glucosidase inhibitor,XUFXOAAUWZOOIT-UGEKTDRHSA-N
53,CCMSLIB00012724311,34737,spectra_filtered.mgf,GNPS_Drug_Library_Spectra_Drug_Analogs.mgf,0.813531,82010000,0,3.4689,23,0.00238037,686.201,1,temp/spectra_filtered.mgf34737,1,"""related spectra of 'acarbose (Delta Mass:1.99)', 'acarbose (Delta Mass:2.0)'""",ESI,Orbitrap,Crude,Pieter Dorrestein,NinaZhao,M+H,686.203,0,1,N/A,N/A,N/A,N/A,N/A,3,Positive,GNPS-DRUG-ANALOG,686.203,UPDATE-SINGLE-ANNOTATED-BRONZE,Bronze,,N/A,N/A,N/A,N/A,N/A,N/A,N/A,N/A,N/A,mzspec:GNPS:GNPS-LIBRARY:CCMSLIB00012724311,"related spectra of 'acarbose (delta mass:1.99)', 'acarbose (delta mass:2.0)'",CCMSLIB00004721671,2,1951,Drug_analog,acarbose,alpha glucosidase inhibitor,endocrinology,type 2 diabetes mellitus,glucosidase inhibitor,XUFXOAAUWZOOIT-UGEKTDRHSA-N
54,CCMSLIB00012724508,14291,spectra_filtered.mgf,GNPS_Drug_Library_Spectra_Drug_Analogs.mgf,0.706328,500310000,0,0.383532,3,0.00012207,318.279,1,temp/spectra_filtered.mgf14291,1,related spectra of 'Benzalkonium chloride (C12) (Delta Mass:13.98)',ESI,LC-qTof,Crude,Pieter Dorrestein,WoutBittremieux,M+H,318.279,0,0,N/A,N/A,N/A,N/A,N/A,3,Positive,GNPS-DRUG-ANALOG,318.279,UPDATE-SINGLE-ANNOTATED-BRONZE,Bronze,,N/A,N/A,N/A,N/A,N/A,N/A,N/A,N/A,N/A,mzspec:GNPS:GNPS-LIBRARY:CCMSLIB00012724508,related spectra of 'benzalkonium chloride (c12) (delta mass:13.98)',CCMSLIB00000531495,13.98,2148,Drug_analog,benzalkonium,antiseptics and disinfectants,NA,antiseptic,antiseptic|preservative,CYDRXTMLKJDRQH-UHFFFAOYSA-N
55,CCMSLIB00012724508,13154,spectra_filtered.mgf,GNPS_Drug_Library_Spectra_Drug_Analogs.mgf,0.756081,511940000,0,0.671182,3,0.000213623,318.279,1,temp/spectra_filtered.mgf13154,1,related spectra of 'Benzalkonium chloride (C12) (Delta Mass:13.98)',ESI,LC-qTof,Crude,Pieter Dorrestein,WoutBittremieux,M+H,318.279,0,0,N/A,N/A,N/A,N/A,N/A,3,Positive,GNPS-DRUG-ANALOG,318.279,UPDATE-SINGLE-ANNOTATED-BRONZE,Bronze,,N/A,N/A,N/A,N/A,N/A,N/A,N/A,N/A,N/A,mzspec:GNPS:GNPS-LIBRARY:CCMSLIB00012724508,related spectra of 'benzalkonium chloride (c12) (delta mass:13.98)',CCMSLIB00000531495,13.98,2148,Drug_analog,benzalkonium,antiseptics and disinfectants,NA,antiseptic,antiseptic|preservative,CYDRXTMLKJDRQH-UHFFFAOYSA-N
56,CCMSLIB00012724508,13432,spectra_filtered.mgf,GNPS_Drug_Library_Spectra_Drug_Analogs.mgf,0.700417,453630000,0,0.671182,3,0.000213623,318.279,1,temp/spectra_filtered.mgf13432,1,related spectra of 'Benzalkonium chloride (C12) (Delta Mass:13.98)',ESI,LC-qTof,Crude,Pieter Dorrestein,WoutBittremieux,M+H,318.279,0,0,N/A,N/A,N/A,N/A,N/A,3,Positive,GNPS-DRUG-ANALOG,318.279,UPDATE-SINGLE-ANNOTATED-BRONZE,Bronze,,N/A,N/A,N/A,N/A,N/A,N/A,N/A,N/A,N/A,mzspec:GNPS:GNPS-LIBRARY:CCMSLIB00012724508,related spectra of 'benzalkonium chloride (c12) (delta mass:13.98)',CCMSLIB00000531495,13.98,2148,Drug_analog,benzalkonium,antiseptics and disinfectants,NA,antiseptic,antiseptic|preservative,CYDRXTMLKJDRQH-UHFFFAOYSA-N
57,CCMSLIB00012724552,3749,spectra_filtered.mgf,GNPS_Drug_Library_Spectra_Drug_Analogs.mgf,0.8014,98300000,0,2.00841,8,0.00115967,577.406,1,temp/spectra_filtered.mgf3749,1,related spectra of 'DescladinoseAzithromycin (Delta Mass:-14.016)',ESI,LC-qTof,Crude,Pieter Dorrestein,WoutBittremieux,M+H,577.405,0,1,N/A,N/A,N/A,N/A,N/A,3,Positive,GNPS-DRUG-ANALOG,577.405,UPDATE-SINGLE-ANNOTATED-BRONZE,Bronze,,N/A,N/A,N/A,N/A,N/A,N/A,N/A,N/A,N/A,mzspec:GNPS:GNPS-LIBRARY:CCMSLIB00012724552,related spectra of 'descladinoseazithromycin (delta mass:-14.016)',CCMSLIB00000478608,-14.02,2192,Drug_analog,desosaminylazithromycin,macrolide antimicrobial,infectious disease,pelvic inflammatory disease|pneumonia|urethritis|cervicitis|sinusitis,bacterial 50S ribosomal subunit inhibitor,PXDYILJJHOVNLO-NDJYQBQTSA-N
58,CCMSLIB00012724552,7216,spectra_filtered.mgf,GNPS_Drug_Library_Spectra_Drug_Analogs.mgf,0.830124,124770000,0,1.6913,10,0.000976562,577.406,1,temp/spectra_filtered.mgf7216,1,related spectra of 'DescladinoseAzithromycin (Delta Mass:-14.016)',ESI,LC-qTof,Crude,Pieter Dorrestein,WoutBittremieux,M+H,577.405,0,1,N/A,N/A,N/A,N/A,N/A,3,Positive,GNPS-DRUG-ANALOG,577.405,UPDATE-SINGLE-ANNOTATED-BRONZE,Bronze,,N/A,N/A,N/A,N/A,N/A,N/A,N/A,N/A,N/A,mzspec:GNPS:GNPS-LIBRARY:CCMSLIB00012724552,related spectra of 'descladinoseazithromycin (delta mass:-14.016)',CCMSLIB00000478608,-14.02,2192,Drug_analog,desosaminylazithromycin,macrolide antimicrobial,infectious disease,pelvic inflammatory disease|pneumonia|urethritis|cervicitis|sinusitis,bacterial 50S ribosomal subunit inhibitor,PXDYILJJHOVNLO-NDJYQBQTSA-N
59,CCMSLIB00012725203,18266,spectra_filtered.mgf,GNPS_Drug_Library_Spectra_Drug_Analogs.mgf,0.923091,1.75e+08,0,0,6,0,305.303,1,temp/spectra_filtered.mgf18266,1,related spectra of 'Spectral Match to Benzyldodecyldimethylammonium from NIST14 (Delta Mass:1.003)',ESI,QQQ,Crude,Pieter Dorrestein,WoutBittremieux,M,305.303,0,1,N/A,N/A,N/A,N/A,N/A,3,Positive,GNPS-DRUG-ANALOG,305.303,UPDATE-SINGLE-ANNOTATED-BRONZE,Bronze,,N/A,N/A,N/A,N/A,N/A,N/A,N/A,N/A,N/A,mzspec:GNPS:GNPS-LIBRARY:CCMSLIB00012725203,related spectra of 'spectral match to benzyldodecyldimethylammonium from nist14 (delta mass:1.003)',CCMSLIB00003135025|CCMSLIB00003136025|CCMSLIB00003136054|CCMSLIB00003136390|CCMSLIB00003137084|CCMSLIB00003138424|CCMSLIB00003138447|CCMSLIB00003138572|CCMSLIB00003139649,1,2843,Drug_analog,benzalkonium,antiseptics and disinfectants,NA,antiseptic,antiseptic|preservative,CYDRXTMLKJDRQH-UHFFFAOYSA-N
60,CCMSLIB00012725204,9967,spectra_filtered.mgf,GNPS_Drug_Library_Spectra_Drug_Analogs.mgf,0.817172,158570000,0,2.59095,3,0.000793457,306.243,1,temp/spectra_filtered.mgf9967,1,related spectra of 'Spectral Match to Benzyldodecyldimethylammonium from NIST14 (Delta Mass:1.943)',ESI,QQQ,Crude,Pieter Dorrestein,WoutBittremieux,M,306.242,0,1,N/A,N/A,N/A,N/A,N/A,3,Positive,GNPS-DRUG-ANALOG,306.242,UPDATE-SINGLE-ANNOTATED-BRONZE,Bronze,,N/A,N/A,N/A,N/A,N/A,N/A,N/A,N/A,N/A,mzspec:GNPS:GNPS-LIBRARY:CCMSLIB00012725204,related spectra of 'spectral match to benzyldodecyldimethylammonium from nist14 (delta mass:1.943)',CCMSLIB00003135025|CCMSLIB00003136025|CCMSLIB00003136054|CCMSLIB00003136390|CCMSLIB00003137084|CCMSLIB00003138424|CCMSLIB00003138447|CCMSLIB00003138572|CCMSLIB00003139649,1.94,2844,Drug_analog,benzalkonium,antiseptics and disinfectants,NA,antiseptic,antiseptic|preservative,CYDRXTMLKJDRQH-UHFFFAOYSA-N
61,CCMSLIB00012725242,2592,spectra_filtered.mgf,GNPS_Drug_Library_Spectra_Drug_Analogs.mgf,0.898667,424500000,0,2.14189,8,0.00050354,235.092,1,temp/spectra_filtered.mgf2592,1,related spectra of 'Spectral Match to Ethylenediaminetetraacetic acid from NIST14 (Delta Mass:-58.006)',ESI,LC-qTof,Crude,Pieter Dorrestein,WoutBittremieux,M+H,235.092,0,1,N/A,N/A,N/A,N/A,N/A,3,Positive,GNPS-DRUG-ANALOG,235.092,UPDATE-SINGLE-ANNOTATED-BRONZE,Bronze,,N/A,N/A,N/A,N/A,N/A,N/A,N/A,N/A,N/A,mzspec:GNPS:GNPS-LIBRARY:CCMSLIB00012725242,related spectra of 'spectral match to ethylenediaminetetraacetic acid from nist14 (delta mass:-58.006)',CCMSLIB00003134529|CCMSLIB00003134779|CCMSLIB00003135454|CCMSLIB00003135498|CCMSLIB00003139410,-58.01,2882,Drug_analog|Background/QAQC,edta,lead chelator|anticoagulant,critical care,metal toxicity,chelating agent,KCXVZYZYPLLWCC-UHFFFAOYSA-N
62,CCMSLIB00012725242,1570,spectra_filtered.mgf,GNPS_Drug_Library_Spectra_Drug_Analogs.mgf,0.960442,588600000,0,1.29811,13,0.000305176,235.092,1,temp/spectra_filtered.mgf1570,1,related spectra of 'Spectral Match to Ethylenediaminetetraacetic acid from NIST14 (Delta Mass:-58.006)',ESI,LC-qTof,Crude,Pieter Dorrestein,WoutBittremieux,M+H,235.092,0,1,N/A,N/A,N/A,N/A,N/A,3,Positive,GNPS-DRUG-ANALOG,235.092,UPDATE-SINGLE-ANNOTATED-BRONZE,Bronze,,N/A,N/A,N/A,N/A,N/A,N/A,N/A,N/A,N/A,mzspec:GNPS:GNPS-LIBRARY:CCMSLIB00012725242,related spectra of 'spectral match to ethylenediaminetetraacetic acid from nist14 (delta mass:-58.006)',CCMSLIB00003134529|CCMSLIB00003134779|CCMSLIB00003135454|CCMSLIB00003135498|CCMSLIB00003139410,-58.01,2882,Drug_analog|Background/QAQC,edta,lead chelator|anticoagulant,critical care,metal toxicity,chelating agent,KCXVZYZYPLLWCC-UHFFFAOYSA-N
63,CCMSLIB00012725242,1221,spectra_filtered.mgf,GNPS_Drug_Library_Spectra_Drug_Analogs.mgf,0.957888,5.31e+08,0,0.843773,12,0.000198364,235.092,1,temp/spectra_filtered.mgf1221,1,related spectra of 'Spectral Match to Ethylenediaminetetraacetic acid from NIST14 (Delta Mass:-58.006)',ESI,LC-qTof,Crude,Pieter Dorrestein,WoutBittremieux,M+H,235.092,0,1,N/A,N/A,N/A,N/A,N/A,3,Positive,GNPS-DRUG-ANALOG,235.092,UPDATE-SINGLE-ANNOTATED-BRONZE,Bronze,,N/A,N/A,N/A,N/A,N/A,N/A,N/A,N/A,N/A,mzspec:GNPS:GNPS-LIBRARY:CCMSLIB00012725242,related spectra of 'spectral match to ethylenediaminetetraacetic acid from nist14 (delta mass:-58.006)',CCMSLIB00003134529|CCMSLIB00003134779|CCMSLIB00003135454|CCMSLIB00003135498|CCMSLIB00003139410,-58.01,2882,Drug_analog|Background/QAQC,edta,lead chelator|anticoagulant,critical care,metal toxicity,chelating agent,KCXVZYZYPLLWCC-UHFFFAOYSA-N
64,CCMSLIB00012725242,3279,spectra_filtered.mgf,GNPS_Drug_Library_Spectra_Drug_Analogs.mgf,0.954277,289350000,0,2.14189,12,0.00050354,235.092,1,temp/spectra_filtered.mgf3279,1,related spectra of 'Spectral Match to Ethylenediaminetetraacetic acid from NIST14 (Delta Mass:-58.006)',ESI,LC-qTof,Crude,Pieter Dorrestein,WoutBittremieux,M+H,235.092,0,1,N/A,N/A,N/A,N/A,N/A,3,Positive,GNPS-DRUG-ANALOG,235.092,UPDATE-SINGLE-ANNOTATED-BRONZE,Bronze,,N/A,N/A,N/A,N/A,N/A,N/A,N/A,N/A,N/A,mzspec:GNPS:GNPS-LIBRARY:CCMSLIB00012725242,related spectra of 'spectral match to ethylenediaminetetraacetic acid from nist14 (delta mass:-58.006)',CCMSLIB00003134529|CCMSLIB00003134779|CCMSLIB00003135454|CCMSLIB00003135498|CCMSLIB00003139410,-58.01,2882,Drug_analog|Background/QAQC,edta,lead chelator|anticoagulant,critical care,metal toxicity,chelating agent,KCXVZYZYPLLWCC-UHFFFAOYSA-N
65,CCMSLIB00012725338,24712,spectra_filtered.mgf,GNPS_Drug_Library_Spectra_Drug_Analogs.mgf,0.891599,54730000,0,0.483027,5,0.000213623,442.259,1,temp/spectra_filtered.mgf24712,1,related spectra of 'Trospium (Delta Mass:27.047)',ESI,Orbitrap,Crude,Pieter Dorrestein,WoutBittremieux,M+H,442.259,0,1,N/A,N/A,N/A,N/A,N/A,3,Positive,GNPS-DRUG-ANALOG,442.259,UPDATE-SINGLE-ANNOTATED-BRONZE,Bronze,,N/A,N/A,N/A,N/A,N/A,N/A,N/A,N/A,N/A,mzspec:GNPS:GNPS-LIBRARY:CCMSLIB00012725338,related spectra of 'trospium (delta mass:27.047)',CCMSLIB00010139337|CCMSLIB00010139338|CCMSLIB00010139339|CCMSLIB00010139340|CCMSLIB00010139341|CCMSLIB00010139342|CCMSLIB00010139343|CCMSLIB00010139344|CCMSLIB00010139345|CCMSLIB00010139346|CCMSLIB00010139347|CCMSLIB00010139348|CCMSLIB00010139349|CCMSLIB00010139350|CCMSLIB00010139351|CCMSLIB00010139352,27.05,2978,Drug_analog,trospium,anticholinergic,urology,urinary incontinence|urinary frequency,acetylcholine receptor antagonist,OYYDSUSKLWTMMQ-AIZNXBIQSA-N
66,CCMSLIB00012725339,22533,spectra_filtered.mgf,GNPS_Drug_Library_Spectra_Drug_Analogs.mgf,0.963257,192500000,0,1.17056,4,0.000518799,443.207,1,temp/spectra_filtered.mgf22533,1,related spectra of 'Trospium (Delta Mass:27.995)',ESI,Orbitrap,Crude,Pieter Dorrestein,WoutBittremieux,M+H,443.206,0,1,N/A,N/A,N/A,N/A,N/A,3,Positive,GNPS-DRUG-ANALOG,443.206,UPDATE-SINGLE-ANNOTATED-BRONZE,Bronze,,N/A,N/A,N/A,N/A,N/A,N/A,N/A,N/A,N/A,mzspec:GNPS:GNPS-LIBRARY:CCMSLIB00012725339,related spectra of 'trospium (delta mass:27.995)',CCMSLIB00010139337|CCMSLIB00010139338|CCMSLIB00010139339|CCMSLIB00010139340|CCMSLIB00010139341|CCMSLIB00010139342|CCMSLIB00010139343|CCMSLIB00010139344|CCMSLIB00010139345|CCMSLIB00010139346|CCMSLIB00010139347|CCMSLIB00010139348|CCMSLIB00010139349|CCMSLIB00010139350|CCMSLIB00010139351|CCMSLIB00010139352,27.99,2979,Drug_analog,trospium,anticholinergic,urology,urinary incontinence|urinary frequency,acetylcholine receptor antagonist,OYYDSUSKLWTMMQ-AIZNXBIQSA-N
